District,Total,Relief Camp,Relief Distribution Centres
Cachar,12,"12(Silchar | 3, Katigorah | 9)","0(Silchar | 0, Katigorah | 0)"
Nagaon,1,0(Kampur | 0),1(Kampur | 1)
Hojai,10,5(Hojai | 5),5(Hojai | 5)
Karbi Anglong West,6,3(Donkamokam | 3),3(Donkamokam | 3)
Biswanath,5,1(Halem | 1),4(Halem | 4)
Cachar,20,"20(Lakhipur | 2, Silchar | 5, Katigorah | 13)","0(Lakhipur | 0, Silchar | 0, Katigorah | 0)"
Dima-Hasao,2,1(Haflong | 1),1(Haflong | 1)
Hojai,31,31(Hojai | 31),0(Hojai | 0)
Karbi Anglong West,4,0(Donkamokam | 0),4(Donkamokam | 4)
Nagaon,3,0(Kampur | 0),3(Kampur | 3)
Udalguri,2,2(Khairabari | 2),0(Khairabari | 0)
Udalguri,19,"0(Mazbat | 0, Kalaigaon | 0, Khairabari | 0, Udalguri | 0)","19(Mazbat | 9, Kalaigaon | 1, Khairabari | 2, Udalguri | 7)"
Sonitpur,14,"0(Dhekiajuli | 0, Tezpur | 0)","14(Dhekiajuli | 7, Tezpur | 7)"
Nagaon,6,"3(Raha | 2, Kampur | 1)","3(Raha | 0, Kampur | 3)"
Karimganj,8,"1(Badarpur | 1, Karimganj | 0)","7(Badarpur | 0, Karimganj | 7)"
Karbi Anglong West,3,0(Donkamokam | 0),3(Donkamokam | 3)
Kamrup,1,1(Rangia | 1),0(Rangia | 0)
Hojai,59,"40(Hojai | 37, Lanka | 3, Doboka | 0)","19(Hojai | 0, Lanka | 2, Doboka | 17)"
Dima-Hasao,2,1(Haflong | 1),1(Haflong | 1)
Dibrugarh,2,0(Chabua | 0),2(Chabua | 2)
Charaideo,1,0(Sapekhati | 0),1(Sapekhati | 1)
Cachar,43,"41(Lakhipur | 2, Katigorah | 23, Silchar | 16)","2(Lakhipur | 0, Katigorah | 2, Silchar | 0)"
Biswanath,18,"2(Halem | 2, Biswanath | 0)","16(Halem | 6, Biswanath | 10)"
Bajali,2,0(Bajali | 0),2(Bajali | 2)
Udalguri,18,"2(Khairabari | 2, Udalguri | 0, Kalaigaon | 0, Harisinga | 0)","16(Khairabari | 2, Udalguri | 5, Kalaigaon | 8, Harisinga | 1)"
Sonitpur,2,0(Naduar | 0),2(Naduar | 2)
Nagaon,31,"11(Nagaon | 5, Raha | 2, Kampur | 4)","20(Nagaon | 0, Raha | 1, Kampur | 19)"
Karimganj,9,"2(Badarpur | 2, Karimganj | 0)","7(Badarpur | 0, Karimganj | 7)"
Karbi Anglong West,3,0(Donkamokam | 0),3(Donkamokam | 3)
Kamrup,1,1(Rangia | 1),0(Rangia | 0)
Charaideo,1,0(Sapekhati | 0),1(Sapekhati | 1)
Hailakandi,6,2(Algapur | 2),4(Algapur | 4)
Hojai,74,"47(Hojai | 46, Doboka | 1, Lanka | 0)","27(Hojai | 5, Doboka | 17, Lanka | 5)"
Bajali,4,0(Bajali | 0),4(Bajali | 4)
Biswanath,18,"2(Halem | 2, Naduar RC part | 0, Biswanath | 0)","16(Halem | 9, Naduar RC part | 2, Biswanath | 5)"
Cachar,64,"64(Udharbond | 1, Silchar | 27, Lakhipur | 5, Sonai | 6, Katigorah | 25)","0(Udharbond | 0, Silchar | 0, Lakhipur | 0, Sonai | 0, Katigorah | 0)"
Darrang,13,"0(Mangaldoi | 0, Patharighat | 0)","13(Mangaldoi | 4, Patharighat | 9)"
Dima-Hasao,4,4(Haflong | 4),0(Haflong | 0)
Biswanath,8,"1(Halem | 1, Biswanath | 0)","7(Halem | 1, Biswanath | 6)"
Cachar,114,"85(Udharbond | 1, Lakhipur | 11, Sonai | 6, Silchar | 35, Katigorah | 32)","29(Udharbond | 0, Lakhipur | 2, Sonai | 0, Silchar | 0, Katigorah | 27)"
Darrang,24,"1(Patharighat | 1, Dalgaon | 0, Mangaldoi | 0)","23(Patharighat | 3, Dalgaon | 14, Mangaldoi | 6)"
Dima-Hasao,6,0(Haflong | 0),6(Haflong | 6)
Hojai,62,"57(Doboka | 11, Hojai | 46, Lanka | 0)","5(Doboka | 0, Hojai | 4, Lanka | 1)"
Kamrup,1,1(Rangia | 1),0(Rangia | 0)
Karbi Anglong West,4,0(Donkamokam | 0),4(Donkamokam | 4)
Karimganj,15,"6(Badarpur | 6, Karimganj | 0)","9(Badarpur | 0, Karimganj | 9)"
Lakhimpur,5,"0(Nowboicha | 0, Bihpuria | 0, North Lakhimpur | 0)","5(Nowboicha | 1, Bihpuria | 2, North Lakhimpur | 2)"
Nagaon,104,"15(Nagaon | 5, Kampur | 10, Raha | 0)","89(Nagaon | 2, Kampur | 52, Raha | 35)"
Sonitpur,4,0(Tezpur | 0),4(Tezpur | 4)
Udalguri,10,"0(Khairabari | 0, Udalguri | 0, Kalaigaon | 0)","10(Khairabari | 2, Udalguri | 2, Kalaigaon | 6)"
Dhemaji,1,0(Dhemaji | 0),1(Dhemaji | 1)
Hailakandi,1,1(Algapur | 1),0(Algapur | 0)
Karimganj,16,"6(Badarpur | 6, Karimganj | 0)","10(Badarpur | 1, Karimganj | 9)"
Biswanath,2,1(Halem | 1),1(Halem | 1)
Cachar,216,"151(Udharbond | 1, Sonai | 6, Katigorah | 62, Silchar | 82, Lakhipur | 0)","65(Udharbond | 3, Sonai | 0, Katigorah | 30, Silchar | 8, Lakhipur | 24)"
Darrang,18,"1(Patharighat | 1, Mangaldoi | 0)","17(Patharighat | 6, Mangaldoi | 11)"
Dima-Hasao,4,2(Haflong | 2),2(Haflong | 2)
Hailakandi,2,0(Algapur | 0),2(Algapur | 2)
Hojai,61,"47(Hojai | 36, Doboka | 11)","14(Hojai | 2, Doboka | 12)"
Karbi Anglong West,2,0(Donkamokam | 0),2(Donkamokam | 2)
Lakhimpur,1,0(Bihpuria | 0),1(Bihpuria | 1)
Morigaon,1,1(Morigaon | 1),0(Morigaon | 0)
Nagaon,36,"25(Kampur | 15, Nagaon | 7, Raha | 3)","11(Kampur | 0, Nagaon | 11, Raha | 0)"
Sonitpur,1,0(Naduar | 0),1(Naduar | 1)
Udalguri,2,0(Udalguri | 0),2(Udalguri | 2)
Darrang,8,"1(Patharighat | 1, Mangaldoi | 0)","7(Patharighat | 5, Mangaldoi | 2)"
Karbi Anglong West,3,0(Donkamokam | 0),3(Donkamokam | 3)
Dima-Hasao,8,8(Haflong | 8),0(Haflong | 0)
Cachar,294,"199(Silchar | 99, Katigorah | 76, Udharbond | 1, Sonai | 23, Lakhipur | 0)","95(Silchar | 10, Katigorah | 38, Udharbond | 6, Sonai | 1, Lakhipur | 40)"
Hailakandi,1,1(Algapur | 1),0(Algapur | 0)
Hojai,34,"33(Hojai | 22, Doboka | 11, Lanka | 0)","1(Hojai | 0, Doboka | 0, Lanka | 1)"
Udalguri,1,0(Udalguri | 0),1(Udalguri | 1)
Karimganj,19,"7(Badarpur | 7, Karimganj | 0)","12(Badarpur | 2, Karimganj | 10)"
Lakhimpur,5,"0(North Lakhimpur | 0, Narayanpur | 0, Bihpuria | 0)","5(North Lakhimpur | 1, Narayanpur | 3, Bihpuria | 1)"
Morigaon,4,1(Morigaon | 1),3(Morigaon | 3)
Nagaon,110,"32(Nagaon | 10, Raha | 7, Kampur | 15)","78(Nagaon | 6, Raha | 45, Kampur | 27)"
Nalbari,2,0(Tihu | 0),2(Tihu | 2)
Sonitpur,6,0(Tezpur | 0),6(Tezpur | 6)
Kamrup,1,0(Rangia | 0),1(Rangia | 1)
Karimganj,22,"7(Badarpur | 7, Karimganj | 0)","15(Badarpur | 5, Karimganj | 10)"
Hojai,22,"22(Hojai | 11, Doboka | 11)","0(Hojai | 0, Doboka | 0)"
Hailakandi,2,0(Algapur | 0),2(Algapur | 2)
Cachar,304,"199(Katigorah | 76, Sonai | 23, Udharbond | 1, Silchar | 99, Lakhipur | 0)","105(Katigorah | 38, Sonai | 1, Udharbond | 7, Silchar | 10, Lakhipur | 49)"
Barpeta,5,0(Sarthebari | 0),5(Sarthebari | 5)
Morigaon,14,1(Morigaon | 1),13(Morigaon | 13)
Darrang,4,0(Mangaldoi | 0),4(Mangaldoi | 4)
Nagaon,48,"40(Nagaon | 18, Raha | 7, Kampur | 15)","8(Nagaon | 8, Raha | 0, Kampur | 0)"
Morigaon,21,3(Morigaon | 3),18(Morigaon | 18)
Karimganj,15,"6(Badarpur | 6, Karimganj | 0)","9(Badarpur | 0, Karimganj | 9)"
Dibrugarh,1,0(Chabua | 0),1(Chabua | 1)
Udalguri,2,0(Udalguri | 0),2(Udalguri | 2)
Karbi Anglong West,2,0(Donkamokam | 0),2(Donkamokam | 2)
Cachar,419,"288(Udharbond | 1, Katigorah | 102, Silchar | 162, Sonai | 23, Lakhipur | 0)","131(Udharbond | 6, Katigorah | 92, Silchar | 9, Sonai | 1, Lakhipur | 23)"
Hojai,14,"14(Doboka | 11, Hojai | 3)","0(Doboka | 0, Hojai | 0)"
Kamrup,3,"0(Rangia | 0, Kayan | 0, Kamalpur | 0)","3(Rangia | 1, Kayan | 1, Kamalpur | 1)"
Barpeta,3,0(Sarthebari | 0),3(Sarthebari | 3)
Nagaon,162,"48(Kampur | 15, Raha | 7, Nagaon | 26)","114(Kampur | 0, Raha | 80, Nagaon | 34)"
Hailakandi,4,3(Algapur | 3),1(Algapur | 1)
Dima-Hasao,10,4(Haflong | 4),6(Haflong | 6)
Barpeta,1,0(Sarthebari | 0),1(Sarthebari | 1)
Nagaon,54,"41(Nagaon | 25, Kampur | 9, Raha | 7)","13(Nagaon | 13, Kampur | 0, Raha | 0)"
Morigaon,15,3(Morigaon | 3),12(Morigaon | 12)
Karimganj,11,"2(Badarpur | 2, Karimganj | 0)","9(Badarpur | 0, Karimganj | 9)"
Kamrup,1,0(Kamalpur | 0),1(Kamalpur | 1)
Karbi Anglong West,1,0(Donkamokam | 0),1(Donkamokam | 1)
Hailakandi,1,1(Algapur | 1),0(Algapur | 0)
Goalpara,2,"0(Balijana | 0, Lakhipur | 0)","2(Balijana | 1, Lakhipur | 1)"
Dima-Hasao,25,11(Haflong | 11),14(Haflong | 14)
Darrang,6,"0(Mangaldoi | 0, Dalgaon | 0)","6(Mangaldoi | 3, Dalgaon | 3)"
Cachar,407,"284(Katigorah | 100, Sonai | 23, Silchar | 161, Udharbond | 0, Lakhipur | 0)","123(Katigorah | 65, Sonai | 27, Silchar | 9, Udharbond | 6, Lakhipur | 16)"
Hojai,4,"4(Hojai | 2, Doboka | 2)","0(Hojai | 0, Doboka | 0)"
Karimganj,4,"1(Badarpur | 1, Karimganj | 0)","3(Badarpur | 0, Karimganj | 3)"
Nagaon,56,"41(Nagaon | 26, Kampur | 8, Raha | 7)","15(Nagaon | 15, Kampur | 0, Raha | 0)"
Karbi Anglong West,2,0(Donkamokam | 0),2(Donkamokam | 2)
Morigaon,20,3(Morigaon | 3),17(Morigaon | 17)
Hojai,2,2(Hojai | 2),0(Hojai | 0)
Hailakandi,1,1(Algapur | 1),0(Algapur | 0)
Dima-Hasao,7,3(Haflong | 3),4(Haflong | 4)
Cachar,329,"259(Sonai | 20, Silchar | 153, Katigorah | 86, Udharbond | 0, Lakhipur | 0)","70(Sonai | 27, Silchar | 14, Katigorah | 7, Udharbond | 6, Lakhipur | 16)"
Kamrup,1,0(Kamalpur | 0),1(Kamalpur | 1)
Nagaon,41,"39(Nagaon | 26, Kampur | 6, Raha | 7)","2(Nagaon | 2, Kampur | 0, Raha | 0)"
Morigaon,10,3(Morigaon | 3),7(Morigaon | 7)
Cachar,308,"251(Sonai | 12, Silchar | 153, Katigorah | 86, Udharbond | 0, Lakhipur | 0)","57(Sonai | 27, Silchar | 1, Katigorah | 7, Udharbond | 6, Lakhipur | 16)"
Hailakandi,1,1(Algapur | 1),0(Algapur | 0)
Karbi Anglong West,1,0(Donkamokam | 0),1(Donkamokam | 1)
Dima-Hasao,4,1(Haflong | 1),3(Haflong | 3)
Nagaon,140,"39(Nagaon | 26, Kampur | 6, Raha | 7)","101(Nagaon | 8, Kampur | 0, Raha | 93)"
Morigaon,5,3(Morigaon | 3),2(Morigaon | 2)
Dima-Hasao,2,1(Haflong | 1),1(Haflong | 1)
Cachar,159,"157(Sonai | 12, Silchar | 59, Katigorah | 86)","2(Sonai | 0, Silchar | 2, Katigorah | 0)"
Hailakandi,1,1(Algapur | 1),0(Algapur | 0)
Cachar,109,"109(Silchar | 49, Sonai | 2, Katigorah | 58)","0(Silchar | 0, Sonai | 0, Katigorah | 0)"
Dima-Hasao,4,0(Haflong | 0),4(Haflong | 4)
Morigaon,3,3(Morigaon | 3),0(Morigaon | 0)
Nagaon,31,"31(Nagaon | 19, Raha | 7, Kampur | 5)","0(Nagaon | 0, Raha | 0, Kampur | 0)"
Hojai,1,0(Hojai | 0),1(Hojai | 1)
Cachar,84,"84(Katigorah | 40, Silchar | 42, Sonai | 2)","0(Katigorah | 0, Silchar | 0, Sonai | 0)"
Dima-Hasao,2,0(Haflong | 0),2(Haflong | 2)
Morigaon,3,3(Morigaon | 3),0(Morigaon | 0)
Nagaon,17,"17(Nagaon | 6, Raha | 7, Kampur | 4)","0(Nagaon | 0, Raha | 0, Kampur | 0)"
Cachar,1,1(Silchar | 1),0(Silchar | 0)
Nagaon,3,"3(Nagaon | 1, Kampur | 2)","0(Nagaon | 0, Kampur | 0)"
Dima-Hasao,5,0(Haflong | 0),5(Haflong | 5)
Morigaon,3,3(Morigaon | 3),0(Morigaon | 0)
Cachar,1,1(Silchar | 1),0(Silchar | 0)
Dima-Hasao,3,0(Haflong | 0),3(Haflong | 3)
Morigaon,3,3(Morigaon | 3),0(Morigaon | 0)
Cachar,1,1(Silchar | 1),0(Silchar | 0)
Dima-Hasao,4,0(Haflong | 0),4(Haflong | 4)
Morigaon,3,3(Morigaon | 3),0(Morigaon | 0)
Nagaon,3,0(Kampur | 0),3(Kampur | 3)
Morigaon,3,3(Morigaon | 3),0(Morigaon | 0)
Cachar,1,1(Silchar | 1),0(Silchar | 0)
Morigaon,1,1(Morigaon | 1),0(Morigaon | 0)
Cachar,1,1(Silchar | 1),0(Silchar | 0)
Cachar,1,1(Silchar | 1),0(Silchar | 0)
Dima-Hasao,6,0(Haflong | 0),6(Haflong | 6)
Cachar,1,1(Silchar | 1),0(Silchar | 0)
Dima-Hasao,6,0(Haflong | 0),6(Haflong | 6)
Cachar,1,1(Silchar | 1),0(Silchar | 0)
Dhemaji,4,0(Gogamukh | 0),4(Gogamukh | 4)
Dima-Hasao,3,0(Haflong | 0),3(Haflong | 3)
Dhemaji,4,0(Gogamukh | 0),4(Gogamukh | 4)
Dima-Hasao,5,0(Haflong | 0),5(Haflong | 5)
Dima-Hasao,3,0(Haflong | 0),3(Haflong | 3)
Dhemaji,1,0(Sissiborgaon | 0),1(Sissiborgaon | 1)
Baksa,1,1(Barama | 1),0(Barama | 0)
Bajali,1,1(Bajali | 1),0(Bajali | 0)
Kamrup (M),8,"3(Guwahati | 1, Dispur | 2)","5(Guwahati | 0, Dispur | 5)"
Kokrajhar,2,2(Kokrajhar | 2),0(Kokrajhar | 0)
Hojai,18,18(Hojai | 18),0(Hojai | 0)
Goalpara,13,"10(Balijana | 7, Lakhipur | 3)","3(Balijana | 0, Lakhipur | 3)"
Dima-Hasao,29,22(Haflong | 22),7(Haflong | 7)
Chirang,9,"1(Bijni | 1, Sidli | 0)","8(Bijni | 0, Sidli | 8)"
Dhubri,11,"11(Chapar | 1, Bilasipara | 7, Athani | 3)","0(Chapar | 0, Bilasipara | 0, Athani | 0)"
Darrang,1,0(Patharighat | 0),1(Patharighat | 1)
Bongaigaon,6,"6(Manikpur | 1, Bongaigaon | 1, Dangtol | 4)","0(Manikpur | 0, Bongaigaon | 0, Dangtol | 0)"
Dibrugarh,1,0(Chabua | 0),1(Chabua | 1)
Kamrup,6,"6(Rangia | 3, Kayan | 3)","0(Rangia | 0, Kayan | 0)"
Tamulpur,15,3(Tamulpur | 3),12(Tamulpur | 12)
Kokrajhar,26,"26(Bhawraguri | 6, Gossaigaon | 9, Kokrajhar | 11)","0(Bhawraguri | 0, Gossaigaon | 0, Kokrajhar | 0)"
Nalbari,14,"14(Ghograpar | 2, Paschim Nalbari | 5, Nalbari | 7)","0(Ghograpar | 0, Paschim Nalbari | 0, Nalbari | 0)"
Udalguri,5,"4(Udalguri | 4, Kalaigaon | 0)","1(Udalguri | 0, Kalaigaon | 1)"
Barpeta,2,2(Barpeta | 2),0(Barpeta | 0)
Bajali,12,12(Bajali | 12),0(Bajali | 0)
Kamrup (M),17,"5(Guwahati | 2, Dispur | 3)","12(Guwahati | 2, Dispur | 10)"
Baksa,11,"10(Baganpara | 1, Barama | 2, Baska | 6, Jalah | 1)","1(Baganpara | 0, Barama | 1, Baska | 0, Jalah | 0)"
Tamulpur,24,"10(Tamulpur | 5, Goreswar | 5)","14(Tamulpur | 7, Goreswar | 7)"
Tinsukia,7,"4(Doomdooma | 4, Tinsukia | 0)","3(Doomdooma | 0, Tinsukia | 3)"
Udalguri,33,"14(Udalguri | 8, Mazbat | 2, Kalaigaon | 4, Khairabari | 0, Harisinga | 0)","19(Udalguri | 0, Mazbat | 0, Kalaigaon | 9, Khairabari | 3, Harisinga | 7)"
Dhemaji,4,"0(Jonai | 0, Dhemaji | 0)","4(Jonai | 2, Dhemaji | 2)"
Nalbari,54,"54(Banekuchi | 12, Paschim Nalbari | 10, Ghograpar | 2, Barbhag | 3, Nalbari | 11, Tihu | 16)","0(Banekuchi | 0, Paschim Nalbari | 0, Ghograpar | 0, Barbhag | 0, Nalbari | 0, Tihu | 0)"
Chirang,19,"1(Bijni | 1, Sidli | 0, Bengtal | 0)","18(Bijni | 7, Sidli | 10, Bengtal | 1)"
Bongaigaon,55,"18(Manikpur | 1, Bongaigaon | 1, Boitamari | 3, Dangtol | 8, Srijangram | 5)","37(Manikpur | 35, Bongaigaon | 2, Boitamari | 0, Dangtol | 0, Srijangram | 0)"
Barpeta,35,"35(Barpeta | 29, Sarthebari | 3, Chenga | 3)","0(Barpeta | 0, Sarthebari | 0, Chenga | 0)"
Baksa,13,"10(Baska | 6, Barama | 3, Jalah | 1, Baganpara | 0)","3(Baska | 0, Barama | 1, Jalah | 0, Baganpara | 2)"
Bajali,30,"29(Bajali | 29, Sarupeta | 0)","1(Bajali | 0, Sarupeta | 1)"
Dhubri,25,"25(Chapar | 3, Athani | 4, Bilasipara | 18)","0(Chapar | 0, Athani | 0, Bilasipara | 0)"
Dima-Hasao,20,20(Haflong | 20),0(Haflong | 0)
Goalpara,35,"23(Balijana | 10, Matia | 3, Lakhipur | 10)","12(Balijana | 2, Matia | 0, Lakhipur | 10)"
Hojai,47,"36(Hojai | 25, Doboka | 11, Lanka | 0)","11(Hojai | 0, Doboka | 6, Lanka | 5)"
Kamrup,16,"16(Rangia | 5, Kayan | 3, North Ghy | 2, Hajo | 6)","0(Rangia | 0, Kayan | 0, North Ghy | 0, Hajo | 0)"
Kamrup (M),24,"5(Guwahati | 2, Dispur | 3)","19(Guwahati | 12, Dispur | 7)"
Karbi Anglong West,4,0(Donkamokam | 0),4(Donkamokam | 4)
Kokrajhar,128,"56(Bagribari | 7, Kokrajhar | 24, Bhawraguri | 6, Gossaigaon | 11, Dotma | 8)","72(Bagribari | 0, Kokrajhar | 27, Bhawraguri | 16, Gossaigaon | 0, Dotma | 29)"
Lakhimpur,7,"0(North Lakhimpur | 0, Subansiri | 0, Kadam | 0)","7(North Lakhimpur | 2, Subansiri | 3, Kadam | 2)"
Nagaon,3,3(Kampur | 3),0(Kampur | 0)
Sonitpur,9,"1(Chariduar | 1, Dhekiajuli | 0)","8(Chariduar | 3, Dhekiajuli | 5)"
Darrang,13,"13(Patharighat | 2, Mangaldoi | 9, Sipajhar | 2)","0(Patharighat | 0, Mangaldoi | 0, Sipajhar | 0)"
Bajali,43,"42(Bajali | 33, Sarupeta | 9)","1(Bajali | 0, Sarupeta | 1)"
Nalbari,81,"74(Ghograpar | 2, Tihu | 18, Nalbari | 16, Banekuchi | 17, Paschim Nalbari | 10, Barbhag | 11)","7(Ghograpar | 3, Tihu | 0, Nalbari | 4, Banekuchi | 0, Paschim Nalbari | 0, Barbhag | 0)"
Kamrup,25,"15(Rangia | 7, Kamalpur | 3, North Ghy | 2, Hajo | 3, Kayan | 0)","10(Rangia | 1, Kamalpur | 0, North Ghy | 2, Hajo | 1, Kayan | 6)"
Hojai,56,"46(Hojai | 34, Doboka | 12, Lanka | 0)","10(Hojai | 0, Doboka | 4, Lanka | 6)"
Goalpara,72,"44(Matia | 3, Balijana | 20, Lakhipur | 21)","28(Matia | 1, Balijana | 6, Lakhipur | 21)"
Karimganj,8,"2(Badarpur | 1, Patherkandi | 1, Karimganj | 0)","6(Badarpur | 0, Patherkandi | 0, Karimganj | 6)"
Kokrajhar,37,"28(Bhawraguri | 1, Gossaigaon | 4, Dotma | 8, Kokrajhar | 6, Bagribari | 9)","9(Bhawraguri | 8, Gossaigaon | 1, Dotma | 0, Kokrajhar | 0, Bagribari | 0)"
Lakhimpur,32,"0(Subansiri | 0, Bihpuria | 0, Dhakuakhana | 0, North Lakhimpur | 0, Kadam | 0, Nowboicha | 0)","32(Subansiri | 10, Bihpuria | 6, Dhakuakhana | 6, North Lakhimpur | 4, Kadam | 1, Nowboicha | 5)"
Nagaon,13,"13(Raha | 2, Kampur | 7, Nagaon | 4)","0(Raha | 0, Kampur | 0, Nagaon | 0)"
Baksa,17,"11(Baska | 6, Baganpara | 1, Barama | 4, Jalah | 0)","6(Baska | 0, Baganpara | 1, Barama | 1, Jalah | 4)"
Sonitpur,52,"2(Chariduar | 1, Dhekiajuli | 1, Thelamara | 0, Tezpur | 0)","50(Chariduar | 21, Dhekiajuli | 11, Thelamara | 17, Tezpur | 1)"
Tamulpur,36,"17(Goreswar | 7, Tamulpur | 10)","19(Goreswar | 11, Tamulpur | 8)"
Tinsukia,4,4(Doomdooma | 4),0(Doomdooma | 0)
Kamrup (M),12,"3(Guwahati | 2, Dispur | 1)","9(Guwahati | 4, Dispur | 5)"
Dima-Hasao,26,25(Haflong | 25),1(Haflong | 1)
Dhemaji,23,"0(Dhemaji | 0, Gogamukh | 0, Sissiborgaon | 0, Jonai | 0)","23(Dhemaji | 2, Gogamukh | 13, Sissiborgaon | 4, Jonai | 4)"
Darrang,43,"16(Dalgaon | 1, Patharighat | 3, Mangaldoi | 9, Sipajhar | 3)","27(Dalgaon | 20, Patharighat | 3, Mangaldoi | 0, Sipajhar | 4)"
Chirang,20,"13(Bijni | 12, Bengtal | 1, Sidli | 0)","7(Bijni | 4, Bengtal | 0, Sidli | 3)"
Udalguri,73,"33(Udalguri | 11, Mazbat | 9, Kalaigaon | 9, Harisinga | 4, Khairabari | 0)","40(Udalguri | 0, Mazbat | 0, Kalaigaon | 30, Harisinga | 5, Khairabari | 5)"
Cachar,4,"3(Silchar | 2, Katigorah | 1)","1(Silchar | 1, Katigorah | 0)"
Bongaigaon,29,"24(Manikpur | 3, Boitamari | 3, Srijangram | 18)","5(Manikpur | 5, Boitamari | 0, Srijangram | 0)"
Barpeta,63,"57(Chenga | 18, Barpeta | 33, Sarthebari | 6)","6(Chenga | 3, Barpeta | 0, Sarthebari | 3)"
Dhubri,42,"42(Bilasipara | 33, Golakganj | 1, Athani | 4, Chapar | 4)","0(Bilasipara | 0, Golakganj | 0, Athani | 0, Chapar | 0)"
Karbi Anglong West,5,0(Donkamokam | 0),5(Donkamokam | 5)
Kamrup (M),5,2(Guwahati | 2),3(Guwahati | 3)
Karbi Anglong West,4,0(Donkamokam | 0),4(Donkamokam | 4)
Karimganj,98,"40(Karimganj | 19, Badarpur | 18, Patherkandi | 3, RK Nagar | 0, Nilambazar | 0)","58(Karimganj | 0, Badarpur | 12, Patherkandi | 8, RK Nagar | 25, Nilambazar | 13)"
Lakhimpur,27,"0(Bihpuria | 0, Dhakuakhana | 0, Nowboicha | 0, Subansiri | 0, North Lakhimpur | 0)","27(Bihpuria | 11, Dhakuakhana | 1, Nowboicha | 4, Subansiri | 6, North Lakhimpur | 5)"
Morigaon,20,"0(Morigaon | 0, Bhuragaon | 0)","20(Morigaon | 5, Bhuragaon | 15)"
Hojai,78,"48(Doboka | 14, Hojai | 34, Lanka | 0)","30(Doboka | 19, Hojai | 6, Lanka | 5)"
Nagaon,127,"50(Nagaon | 22, Raha | 11, Kampur | 17, Samaguri | 0)","77(Nagaon | 25, Raha | 39, Kampur | 8, Samaguri | 5)"
Hailakandi,30,"5(Algapur | 3, Katlicherra | 2, Lala | 0, Hailakandi | 0)","25(Algapur | 1, Katlicherra | 3, Lala | 13, Hailakandi | 8)"
Golaghat,9,0(Bokakhat | 0),9(Bokakhat | 9)
Goalpara,105,"64(Balijana | 28, Matia | 6, Lakhipur | 30)","41(Balijana | 11, Matia | 0, Lakhipur | 30)"
Dima-Hasao,30,25(Haflong | 25),5(Haflong | 5)
Dhubri,37,"37(Chapar | 2, Athani | 4, Dhubri | 1, Golakganj | 1, Bilasipara | 29)","0(Chapar | 0, Athani | 0, Dhubri | 0, Golakganj | 0, Bilasipara | 0)"
Dhemaji,6,"0(Jonai | 0, Gogamukh | 0)","6(Jonai | 4, Gogamukh | 2)"
Darrang,99,"16(Mangaldoi | 5, Patharighat | 4, Dalgaon | 1, Sipajhar | 6)","83(Mangaldoi | 55, Patharighat | 8, Dalgaon | 8, Sipajhar | 12)"
Chirang,14,"12(Bijni | 10, Bengtal | 2)","2(Bijni | 0, Bengtal | 2)"
Cachar,148,"129(Silchar | 58, Sonai | 14, Udharbond | 1, Katigorah | 37, Lakhipur | 19)","19(Silchar | 0, Sonai | 6, Udharbond | 0, Katigorah | 9, Lakhipur | 4)"
Bongaigaon,32,"30(Boitamari | 2, Manikpur | 2, Srijangram | 26)","2(Boitamari | 1, Manikpur | 1, Srijangram | 0)"
Biswanath,3,0(Biswanath | 0),3(Biswanath | 3)
Barpeta,112,"96(Baghbar | 5, Barpeta | 39, Sarthebari | 15, Chenga | 37, Barnagar | 0)","16(Baghbar | 0, Barpeta | 0, Sarthebari | 6, Chenga | 3, Barnagar | 7)"
Kamrup,80,"50(Rangia | 18, Kayan | 1, Kamalpur | 17, Hajo | 10, North Ghy | 4)","30(Rangia | 1, Kayan | 4, Kamalpur | 15, Hajo | 6, North Ghy | 4)"
Bajali,77,"46(Sarupeta | 9, Bajali | 37)","31(Sarupeta | 1, Bajali | 30)"
Baksa,13,"5(Baska | 1, Baganpara | 1, Barama | 3, Barnagar RC part | 0)","8(Baska | 1, Baganpara | 2, Barama | 0, Barnagar RC part | 5)"
Sonitpur,26,"2(Chariduar | 1, Dhekiajuli | 1, Thelamara | 0, Tezpur | 0)","24(Chariduar | 6, Dhekiajuli | 3, Thelamara | 4, Tezpur | 11)"
Tamulpur,52,"22(Tamulpur | 14, Goreswar | 8)","30(Tamulpur | 12, Goreswar | 18)"
Tinsukia,20,"1(Doomdooma | 1, Tinsukia | 0)","19(Doomdooma | 1, Tinsukia | 18)"
Udalguri,66,"25(Udalguri | 10, Mazbat | 7, Kalaigaon | 3, Harisinga | 5, Khairabari | 0)","41(Udalguri | 25, Mazbat | 0, Kalaigaon | 12, Harisinga | 0, Khairabari | 4)"
Nalbari,107,"105(Tihu | 20, Paschim Nalbari | 21, Banekuchi | 14, Barkhetri | 1, Barbhag | 20, Nalbari | 29, Ghograpar | 0)","2(Tihu | 0, Paschim Nalbari | 0, Banekuchi | 0, Barkhetri | 0, Barbhag | 0, Nalbari | 1, Ghograpar | 1)"
Bongaigaon,76,"32(Manikpur | 3, Boitamari | 2, Srijangram | 27)","44(Manikpur | 0, Boitamari | 5, Srijangram | 39)"
Cachar,155,"139(Silchar | 57, Lakhipur | 22, Sonai | 14, Udharbond | 1, Katigorah | 45)","16(Silchar | 0, Lakhipur | 0, Sonai | 0, Udharbond | 0, Katigorah | 16)"
Chirang,6,"6(Bijni | 4, Bengtal | 2)","0(Bijni | 0, Bengtal | 0)"
Darrang,108,"12(Mangaldoi | 4, Dalgaon | 1, Sipajhar | 7, Patharighat | 0)","96(Mangaldoi | 55, Dalgaon | 20, Sipajhar | 11, Patharighat | 10)"
Dhemaji,6,"0(Jonai | 0, Sissiborgaon | 0)","6(Jonai | 5, Sissiborgaon | 1)"
Dhubri,60,"36(Dhubri | 2, Chapar | 1, Bilasipara | 29, Athani | 4, South Salmara Part | 0)","24(Dhubri | 1, Chapar | 0, Bilasipara | 0, Athani | 0, South Salmara Part | 23)"
Dima-Hasao,32,27(Haflong | 27),5(Haflong | 5)
Hailakandi,15,"0(Algapur | 0, Hailakandi | 0, Lala | 0)","15(Algapur | 9, Hailakandi | 1, Lala | 5)"
Golaghat,15,0(Bokakhat | 0),15(Bokakhat | 15)
Hojai,64,"45(Hojai | 31, Doboka | 14, Lanka | 0)","19(Hojai | 7, Doboka | 7, Lanka | 5)"
Kamrup,117,"85(Rangia | 23, Kayan | 19, Kamalpur | 25, Hajo | 6, North Ghy | 12)","32(Rangia | 4, Kayan | 3, Kamalpur | 25, Hajo | 0, North Ghy | 0)"
Karbi Anglong West,4,0(Donkamokam | 0),4(Donkamokam | 4)
Karimganj,131,"46(Patherkandi | 3, Badarpur | 20, Karimganj | 23, Nilambazar | 0, RK Nagar | 0)","85(Patherkandi | 19, Badarpur | 16, Karimganj | 3, Nilambazar | 23, RK Nagar | 24)"
Barpeta,147,"132(Barpeta | 76, Chenga | 37, Baghbar | 10, Sarthebari | 9, Barnagar | 0)","15(Barpeta | 0, Chenga | 7, Baghbar | 0, Sarthebari | 7, Barnagar | 1)"
Baksa,2,2(Barama | 2),0(Barama | 0)
Goalpara,156,"86(Matia | 5, Balijana | 40, Lakhipur | 41)","70(Matia | 0, Balijana | 29, Lakhipur | 41)"
Biswanath,2,0(Halem | 0),2(Halem | 2)
Bajali,116,"20(Sarupeta | 9, Bajali | 11)","96(Sarupeta | 1, Bajali | 95)"
Majuli,6,0(Majuli | 0),6(Majuli | 6)
Morigaon,21,"0(Mayong | 0, Bhuragaon | 0, Morigaon | 0)","21(Mayong | 13, Bhuragaon | 1, Morigaon | 7)"
Nagaon,147,"56(Nagaon | 26, Kampur | 17, Raha | 13)","91(Nagaon | 12, Kampur | 40, Raha | 39)"
Nalbari,135,"103(Barkhetri | 4, Banekuchi | 9, Tihu | 20, Barbhag | 20, Paschim Nalbari | 21, Nalbari | 29, Ghograpar | 0)","32(Barkhetri | 3, Banekuchi | 0, Tihu | 0, Barbhag | 0, Paschim Nalbari | 18, Nalbari | 0, Ghograpar | 11)"
Sonitpur,39,"1(Dhekiajuli | 1, Chariduar | 0, Thelamara | 0, Tezpur | 0)","38(Dhekiajuli | 13, Chariduar | 5, Thelamara | 4, Tezpur | 16)"
South Salmara,35,"0(South Salmara | 0, Mankachar | 0)","35(South Salmara | 8, Mankachar | 27)"
Tamulpur,43,"19(Goreswar | 6, Tamulpur | 13)","24(Goreswar | 12, Tamulpur | 12)"
Udalguri,28,"15(Udalguri | 5, Mazbat | 6, Harisinga | 2, Kalaigaon | 2, Khairabari | 0)","13(Udalguri | 11, Mazbat | 0, Harisinga | 0, Kalaigaon | 0, Khairabari | 2)"
Lakhimpur,21,"0(Bihpuria | 0, Nowboicha | 0, Subansiri | 0, Narayanpur | 0, North Lakhimpur | 0)","21(Bihpuria | 3, Nowboicha | 10, Subansiri | 6, Narayanpur | 1, North Lakhimpur | 1)"
Karimganj,103,"65(Badarpur | 23, Karimganj | 37, Patherkandi | 5, Nilambazar | 0, RK Nagar | 0)","38(Badarpur | 5, Karimganj | 3, Patherkandi | 0, Nilambazar | 5, RK Nagar | 25)"
Lakhimpur,24,"0(Subansiri | 0, Bihpuria | 0, Dhakuakhana | 0, Narayanpur | 0, Nowboicha | 0)","24(Subansiri | 4, Bihpuria | 9, Dhakuakhana | 1, Narayanpur | 3, Nowboicha | 7)"
Majuli,5,0(Majuli | 0),5(Majuli | 5)
Morigaon,24,"1(Morigaon | 1, Mayong | 0)","23(Morigaon | 12, Mayong | 11)"
Nagaon,300,"63(Nagaon | 33, Kampur | 17, Raha | 13, Kaliabor | 0)","237(Nagaon | 48, Kampur | 109, Raha | 78, Kaliabor | 2)"
Tamulpur,21,"10(Goreswar | 6, Tamulpur | 4)","11(Goreswar | 7, Tamulpur | 4)"
Sonitpur,8,"1(Dhekiajuli | 1, Thelamara | 0, Chariduar | 0, Tezpur | 0)","7(Dhekiajuli | 1, Thelamara | 2, Chariduar | 2, Tezpur | 2)"
South Salmara,45,"10(Mankachar | 10, South Salmara | 0)","35(Mankachar | 27, South Salmara | 8)"
Karbi Anglong West,3,0(Donkamokam | 0),3(Donkamokam | 3)
Udalguri,24,"13(Harisinga | 2, Udalguri | 3, Mazbat | 6, Kalaigaon | 2)","11(Harisinga | 0, Udalguri | 11, Mazbat | 0, Kalaigaon | 0)"
Nalbari,130,"69(Tihu | 20, Paschim Nalbari | 18, Barbhag | 20, Banekuchi | 3, Barkhetri | 4, Nalbari | 4, Ghograpar | 0)","61(Tihu | 23, Paschim Nalbari | 21, Barbhag | 0, Banekuchi | 0, Barkhetri | 4, Nalbari | 0, Ghograpar | 13)"
Kamrup (M),5,0(Sonapur | 0),5(Sonapur | 5)
Barpeta,175,"142(Baghbar | 15, Barpeta | 79, Sarthebari | 11, Chenga | 37, Kalgachia | 0)","33(Baghbar | 1, Barpeta | 0, Sarthebari | 11, Chenga | 16, Kalgachia | 5)"
Hojai,64,"33(Hojai | 19, Doboka | 14, Lanka | 0)","31(Hojai | 19, Doboka | 11, Lanka | 1)"
Bajali,109,"13(Sarupeta | 10, Bajali | 3)","96(Sarupeta | 1, Bajali | 95)"
Baksa,3,"1(Barama | 1, Barnagar RC part | 0)","2(Barama | 0, Barnagar RC part | 2)"
Bongaigaon,31,"15(Boitamari | 2, Manikpur | 3, Srijangram | 10)","16(Boitamari | 3, Manikpur | 1, Srijangram | 12)"
Chirang,8,"8(Bijni | 4, Bengtal | 4)","0(Bijni | 0, Bengtal | 0)"
Darrang,119,"10(Dalgaon | 1, Sipajhar | 5, Mangaldoi | 4, Patharighat | 0)","109(Dalgaon | 0, Sipajhar | 38, Mangaldoi | 55, Patharighat | 16)"
Cachar,258,"175(Katigorah | 45, Lakhipur | 22, Silchar | 63, Sonai | 44, Udharbond | 1)","83(Katigorah | 0, Lakhipur | 0, Silchar | 83, Sonai | 0, Udharbond | 0)"
Dibrugarh,1,0(Chabua | 0),1(Chabua | 1)
Dima-Hasao,37,28(Haflong | 28),9(Haflong | 9)
Goalpara,161,"81(Matia | 4, Lakhipur | 50, Balijana | 27)","80(Matia | 3, Lakhipur | 50, Balijana | 27)"
Golaghat,4,0(Bokakhat | 0),4(Bokakhat | 4)
Hailakandi,36,"9(Hailakandi | 7, Lala | 2, Algapur | 0, Katlicherra | 0)","27(Hailakandi | 11, Lala | 2, Algapur | 10, Katlicherra | 4)"
Dhubri,65,"21(Dhubri | 4, Bilasipara | 15, Athani | 2, South Salmara Part | 0)","44(Dhubri | 0, Bilasipara | 21, Athani | 0, South Salmara Part | 23)"
Kamrup,108,"77(Rangia | 18, North Ghy | 14, Kamalpur | 25, Kayan | 19, Hajo | 1)","31(Rangia | 2, North Ghy | 4, Kamalpur | 25, Kayan | 0, Hajo | 0)"
Morigaon,24,"1(Morigaon | 1, Mayong | 0, Mikirbheta | 0)","23(Morigaon | 7, Mayong | 13, Mikirbheta | 3)"
Karbi Anglong West,3,0(Donkamokam | 0),3(Donkamokam | 3)
Karimganj,153,"71(Nilambazar | 5, Badarpur | 23, Karimganj | 38, Patherkandi | 5, RK Nagar | 0)","82(Nilambazar | 22, Badarpur | 6, Karimganj | 17, Patherkandi | 12, RK Nagar | 25)"
Lakhimpur,7,"0(Bihpuria | 0, North Lakhimpur | 0, Nowboicha | 0, Kadam | 0)","7(Bihpuria | 2, North Lakhimpur | 1, Nowboicha | 2, Kadam | 2)"
Majuli,1,0(Majuli | 0),1(Majuli | 1)
Tinsukia,2,0(Tinsukia | 0),2(Tinsukia | 2)
Sonitpur,3,1(Dhekiajuli | 1),2(Dhekiajuli | 2)
South Salmara,44,"9(Mankachar | 9, South Salmara | 0)","35(Mankachar | 27, South Salmara | 8)"
Tamulpur,16,"7(Goreswar | 5, Tamulpur | 2)","9(Goreswar | 7, Tamulpur | 2)"
Kamrup (M),3,0(Chandrapur | 0),3(Chandrapur | 3)
Udalguri,22,"9(Udalguri | 3, Mazbat | 6)","13(Udalguri | 13, Mazbat | 0)"
Nalbari,47,"43(Paschim Nalbari | 17, Barbhag | 16, Tihu | 4, Barkhetri | 4, Nalbari | 2)","4(Paschim Nalbari | 0, Barbhag | 0, Tihu | 0, Barkhetri | 4, Nalbari | 0)"
Kamrup,109,"64(Rangia | 13, Hajo | 2, Kayan | 17, Kamalpur | 19, North Ghy | 13, Palashbari | 0, Chamaria | 0)","45(Rangia | 1, Hajo | 0, Kayan | 10, Kamalpur | 25, North Ghy | 4, Palashbari | 3, Chamaria | 2)"
Nagaon,98,"64(Nagaon | 35, Kampur | 17, Raha | 12)","34(Nagaon | 34, Kampur | 0, Raha | 0)"
Hailakandi,18,"2(Algapur | 1, Hailakandi | 1, Lala | 0)","16(Algapur | 4, Hailakandi | 6, Lala | 6)"
Hojai,53,"28(Hojai | 14, Doboka | 14, Lanka | 0)","25(Hojai | 17, Doboka | 6, Lanka | 2)"
Bajali,35,"13(Sarupeta | 11, Bajali | 2)","22(Sarupeta | 1, Bajali | 21)"
Baksa,8,0(Barnagar RC part | 0),8(Barnagar RC part | 8)
Barpeta,170,"145(Barpeta | 80, Baghbar | 17, Chenga | 37, Sarthebari | 11, Kalgachia | 0)","25(Barpeta | 0, Baghbar | 1, Chenga | 10, Sarthebari | 5, Kalgachia | 9)"
Bongaigaon,43,"9(Boitamari | 2, Manikpur | 3, Srijangram | 4)","34(Boitamari | 1, Manikpur | 0, Srijangram | 33)"
Cachar,260,"175(Katigorah | 45, Silchar | 63, Sonai | 44, Lakhipur | 22, Udharbond | 1)","85(Katigorah | 0, Silchar | 85, Sonai | 0, Lakhipur | 0, Udharbond | 0)"
Goalpara,133,"64(Matia | 3, Lakhipur | 43, Balijana | 18)","69(Matia | 0, Lakhipur | 43, Balijana | 26)"
Darrang,59,"6(Mangaldoi | 2, Sipajhar | 3, Dalgaon | 1, Patharighat | 0)","53(Mangaldoi | 31, Sipajhar | 12, Dalgaon | 0, Patharighat | 10)"
Chirang,6,"6(Bijni | 3, Bengtal | 3)","0(Bijni | 0, Bengtal | 0)"
Dhemaji,12,"0(Jonai | 0, Dhemaji | 0)","12(Jonai | 11, Dhemaji | 1)"
Dhubri,25,"14(Bilasipara | 10, Dhubri | 4)","11(Bilasipara | 0, Dhubri | 11)"
Dibrugarh,6,"0(Chabua | 0, Dibrugarh West | 0)","6(Chabua | 5, Dibrugarh West | 1)"
Dima-Hasao,30,28(Haflong | 28),2(Haflong | 2)
Golaghat,5,0(Bokakhat | 0),5(Bokakhat | 5)
Karbi Anglong West,3,0(Donkamokam | 0),3(Donkamokam | 3)
Karimganj,114,"59(Karimganj | 26, Badarpur | 23, Nilambazar | 5, Patherkandi | 5, RK Nagar | 0)","55(Karimganj | 0, Badarpur | 23, Nilambazar | 7, Patherkandi | 0, RK Nagar | 25)"
Lakhimpur,8,"0(Bihpuria | 0, North Lakhimpur | 0, Nowboicha | 0)","8(Bihpuria | 5, North Lakhimpur | 1, Nowboicha | 2)"
Morigaon,29,"1(Morigaon | 1, Mayong | 0)","28(Morigaon | 26, Mayong | 2)"
Nalbari,23,"20(Paschim Nalbari | 10, Barbhag | 6, Tihu | 1, Nalbari | 3, Barkhetri | 0)","3(Paschim Nalbari | 0, Barbhag | 0, Tihu | 0, Nalbari | 0, Barkhetri | 3)"
Kamrup,90,"51(Rangia | 12, Kayan | 10, Kamalpur | 15, North Ghy | 14, Hajo | 0, Chamaria | 0)","39(Rangia | 1, Kayan | 0, Kamalpur | 15, North Ghy | 0, Hajo | 21, Chamaria | 2)"
Sonitpur,2,"1(Dhekiajuli | 1, Tezpur | 0)","1(Dhekiajuli | 0, Tezpur | 1)"
South Salmara,33,"9(Mankachar | 9, South Salmara | 0)","24(Mankachar | 16, South Salmara | 8)"
Tamulpur,2,1(Tamulpur | 1),1(Tamulpur | 1)
Udalguri,5,"2(Udalguri | 2, Khairabari | 0)","3(Udalguri | 2, Khairabari | 1)"
Nagaon,104,"65(Kampur | 17, Nagaon | 36, Raha | 12)","39(Kampur | 0, Nagaon | 0, Raha | 39)"
Hojai,37,"20(Hojai | 12, Doboka | 8)","17(Hojai | 12, Doboka | 5)"
Dhubri,30,"9(Bilasipara | 7, Dhubri | 2)","21(Bilasipara | 21, Dhubri | 0)"
Goalpara,34,"34(Matia | 3, Lakhipur | 17, Balijana | 14)","0(Matia | 0, Lakhipur | 0, Balijana | 0)"
Dima-Hasao,34,28(Haflong | 28),6(Haflong | 6)
Dhemaji,11,"0(Jonai | 0, Sissiborgaon | 0, Dhemaji | 0)","11(Jonai | 2, Sissiborgaon | 5, Dhemaji | 4)"
Darrang,74,"3(Sipajhar | 1, Mangaldoi | 2, Patharighat | 0, Dalgaon | 0)","71(Sipajhar | 43, Mangaldoi | 20, Patharighat | 1, Dalgaon | 7)"
Chirang,3,3(Bijni | 3),0(Bijni | 0)
Bongaigaon,1,1(Srijangram | 1),0(Srijangram | 0)
Barpeta,224,"171(Barpeta | 112, Baghbar | 19, Chenga | 37, Sarthebari | 3, Kalgachia | 0)","53(Barpeta | 0, Baghbar | 1, Chenga | 7, Sarthebari | 4, Kalgachia | 41)"
Baksa,3,"0(Baganpara | 0, Jalah | 0)","3(Baganpara | 2, Jalah | 1)"
Bajali,21,"12(Sarupeta | 11, Bajali | 1)","9(Sarupeta | 1, Bajali | 8)"
Hailakandi,17,"3(Hailakandi | 3, Algapur | 0)","14(Hailakandi | 8, Algapur | 6)"
Cachar,224,"224(Katigorah | 94, Lakhipur | 22, Silchar | 63, Sonai | 44, Udharbond | 1)","0(Katigorah | 0, Lakhipur | 0, Silchar | 0, Sonai | 0, Udharbond | 0)"
Cachar,333,"229(Sonai | 50, Silchar | 63, Lakhipur | 22, Katigorah | 94)","104(Sonai | 0, Silchar | 88, Lakhipur | 0, Katigorah | 16)"
Barpeta,116,"113(Baghbar | 20, Barpeta | 60, Chenga | 33)","3(Baghbar | 1, Barpeta | 0, Chenga | 2)"
Baksa,1,0(Jalah | 0),1(Jalah | 1)
Darrang,7,"3(Sipajhar | 1, Mangaldoi | 2)","4(Sipajhar | 4, Mangaldoi | 0)"
Lakhimpur,1,0(Dhakuakhana | 0),1(Dhakuakhana | 1)
Hailakandi,7,"1(Hailakandi | 1, Algapur | 0)","6(Hailakandi | 2, Algapur | 4)"
Kamrup,53,"33(Kayan | 2, Hajo | 19, Kamalpur | 2, North Ghy | 10, Rangia | 0, Chamaria | 0)","20(Kayan | 0, Hajo | 14, Kamalpur | 2, North Ghy | 2, Rangia | 1, Chamaria | 1)"
Dima-Hasao,25,23(Haflong | 23),2(Haflong | 2)
Karimganj,48,"46(Nilambazar | 7, Karimganj | 20, Badarpur | 16, Patherkandi | 3)","2(Nilambazar | 0, Karimganj | 0, Badarpur | 2, Patherkandi | 0)"
Goalpara,9,9(Lakhipur | 9),0(Lakhipur | 0)
Udalguri,2,2(Udalguri | 2),0(Udalguri | 0)
Chirang,3,3(Bijni | 3),0(Bijni | 0)
Sonitpur,1,1(Dhekiajuli | 1),0(Dhekiajuli | 0)
Nalbari,6,"6(Paschim Nalbari | 4, Barbhag | 2)","0(Paschim Nalbari | 0, Barbhag | 0)"
Nagaon,74,"66(Nagaon | 36, Kampur | 17, Raha | 13)","8(Nagaon | 8, Kampur | 0, Raha | 0)"
Morigaon,24,"1(Morigaon | 1, Mikirbheta | 0, Mayong | 0)","23(Morigaon | 12, Mikirbheta | 10, Mayong | 1)"
Tamulpur,3,2(Goreswar | 2),1(Goreswar | 1)
Majuli,2,0(Majuli | 0),2(Majuli | 2)
Udalguri,2,2(Udalguri | 2),0(Udalguri | 0)
Bajali,8,7(Sarupeta | 7),1(Sarupeta | 1)
Tinsukia,1,0(Doomdooma | 0),1(Doomdooma | 1)
Tamulpur,3,2(Goreswar | 2),1(Goreswar | 1)
Sonitpur,1,1(Dhekiajuli | 1),0(Dhekiajuli | 0)
Cachar,233,"233(Katigorah | 94, Sonai | 50, Silchar | 63, Lakhipur | 26)","0(Katigorah | 0, Sonai | 0, Silchar | 0, Lakhipur | 0)"
Morigaon,11,"1(Morigaon | 1, Mikirbheta | 0, Mayong | 0)","10(Morigaon | 0, Mikirbheta | 9, Mayong | 1)"
Biswanath,4,"2(Halem | 1, Gohpur | 1)","2(Halem | 2, Gohpur | 0)"
Bongaigaon,11,"0(Manikpur | 0, Srijangram | 0)","11(Manikpur | 6, Srijangram | 5)"
Chirang,18,"11(Bijni | 9, Bengtal | 2, Sidli | 0)","7(Bijni | 4, Bengtal | 0, Sidli | 3)"
Darrang,7,"3(Mangaldoi | 2, Sipajhar | 1)","4(Mangaldoi | 0, Sipajhar | 4)"
Dhemaji,2,"1(Dhemaji | 1, Sissiborgaon | 0)","1(Dhemaji | 0, Sissiborgaon | 1)"
Dima-Hasao,24,23(Haflong | 23),1(Haflong | 1)
Nalbari,4,"4(Paschim Nalbari | 2, Barbhag | 2)","0(Paschim Nalbari | 0, Barbhag | 0)"
Goalpara,9,9(Lakhipur | 9),0(Lakhipur | 0)
Hojai,11,4(Hojai | 4),7(Hojai | 7)
Kamrup,32,"26(North Ghy | 6, Kayan | 2, Kamalpur | 2, Hajo | 16)","6(North Ghy | 0, Kayan | 0, Kamalpur | 0, Hajo | 6)"
Karimganj,61,"51(Nilambazar | 7, Karimganj | 20, RK Nagar | 5, Badarpur | 16, Patherkandi | 3)","10(Nilambazar | 0, Karimganj | 0, RK Nagar | 0, Badarpur | 0, Patherkandi | 10)"
Lakhimpur,5,"0(Dhakuakhana | 0, Bihpuria | 0)","5(Dhakuakhana | 1, Bihpuria | 4)"
Majuli,2,0(Ujani Majuli | 0),2(Ujani Majuli | 2)
Hailakandi,3,"1(Hailakandi | 1, Algapur | 0)","2(Hailakandi | 1, Algapur | 1)"
Nagaon,66,"66(Nagaon | 36, Raha | 13, Kampur | 17)","0(Nagaon | 0, Raha | 0, Kampur | 0)"
Barpeta,109,"108(Barpeta | 56, Baghbar | 20, Chenga | 32, Sarthebari | 0)","1(Barpeta | 0, Baghbar | 0, Chenga | 0, Sarthebari | 1)"
Sonitpur,1,1(Dhekiajuli | 1),0(Dhekiajuli | 0)
Bajali,7,7(Sarupeta | 7),0(Sarupeta | 0)
Barpeta,108,"108(Barpeta | 56, Baghbar | 20, Chenga | 32)","0(Barpeta | 0, Baghbar | 0, Chenga | 0)"
Tamulpur,2,2(Goreswar | 2),0(Goreswar | 0)
Cachar,332,"249(Silchar | 87, Lakhipur | 18, Sonai | 50, Katigorah | 94)","83(Silchar | 67, Lakhipur | 0, Sonai | 0, Katigorah | 16)"
Chirang,7,"7(Bijni | 5, Bengtal | 2)","0(Bijni | 0, Bengtal | 0)"
Darrang,7,"3(Mangaldoi | 2, Sipajhar | 1)","4(Mangaldoi | 0, Sipajhar | 4)"
Dhemaji,9,"1(Dhemaji | 1, Sissiborgaon | 0)","8(Dhemaji | 6, Sissiborgaon | 2)"
Dibrugarh,1,0(Moran | 0),1(Moran | 1)
Dima-Hasao,26,23(Haflong | 23),3(Haflong | 3)
Hailakandi,1,0(Algapur | 0),1(Algapur | 1)
Hojai,11,"4(Hojai | 4, Lanka | 0)","7(Hojai | 5, Lanka | 2)"
Kamrup,30,"24(Hajo | 17, Kayan | 2, North Ghy | 5)","6(Hajo | 4, Kayan | 0, North Ghy | 2)"
Biswanath,13,"7(Halem | 5, Gohpur | 2, Biswanath | 0)","6(Halem | 2, Gohpur | 0, Biswanath | 4)"
Lakhimpur,25,"4(Narayanpur | 4, Subansiri | 0, North Lakhimpur | 0)","21(Narayanpur | 12, Subansiri | 8, North Lakhimpur | 1)"
Nalbari,2,"2(Paschim Nalbari | 1, Barbhag | 1)","0(Paschim Nalbari | 0, Barbhag | 0)"
Tinsukia,14,"2(Doomdooma | 2, Tinsukia | 0)","12(Doomdooma | 5, Tinsukia | 7)"
Udalguri,2,2(Udalguri | 2),0(Udalguri | 0)
Karimganj,66,"48(Nilambazar | 7, Badarpur | 16, Karimganj | 20, RK Nagar | 5)","18(Nilambazar | 18, Badarpur | 0, Karimganj | 0, RK Nagar | 0)"
Nagaon,144,"65(Kampur | 17, Nagaon | 35, Raha | 13)","79(Kampur | 0, Nagaon | 34, Raha | 45)"
Morigaon,30,"1(Morigaon | 1, Mikirbheta | 0)","29(Morigaon | 15, Mikirbheta | 14)"
Majuli,2,"0(Majuli | 0, Ujani Majuli | 0)","2(Majuli | 1, Ujani Majuli | 1)"
Tinsukia,26,"5(Doomdooma | 3, Tinsukia | 2, Sadiya | 0)","21(Doomdooma | 2, Tinsukia | 17, Sadiya | 2)"
Tamulpur,4,2(Goreswar | 2),2(Goreswar | 2)
Sonitpur,1,0(Dhekiajuli | 0),1(Dhekiajuli | 1)
Nalbari,2,"2(Paschim Nalbari | 1, Barbhag | 1)","0(Paschim Nalbari | 0, Barbhag | 0)"
Kamrup,27,"23(Kayan | 2, North Ghy | 5, Hajo | 16)","4(Kayan | 0, North Ghy | 1, Hajo | 3)"
Morigaon,27,"1(Morigaon | 1, Mikirbheta | 0)","26(Morigaon | 11, Mikirbheta | 15)"
Majuli,10,0(Majuli | 0),10(Majuli | 10)
Lakhimpur,29,"3(Subansiri | 1, Narayanpur | 2, Dhakuakhana | 0, Bihpuria | 0, Nowboicha | 0)","26(Subansiri | 6, Narayanpur | 10, Dhakuakhana | 2, Bihpuria | 2, Nowboicha | 6)"
Karimganj,63,"59(Nilambazar | 7, Karimganj | 20, RK Nagar | 19, Badarpur | 13)","4(Nilambazar | 2, Karimganj | 0, RK Nagar | 0, Badarpur | 2)"
Udalguri,2,2(Udalguri | 2),0(Udalguri | 0)
Nagaon,176,"65(Nagaon | 35, Raha | 13, Kampur | 17)","111(Nagaon | 14, Raha | 0, Kampur | 97)"
Hojai,7,4(Hojai | 4),3(Hojai | 3)
Dima-Hasao,27,23(Haflong | 23),4(Haflong | 4)
Biswanath,21,"1(Halem | 1, Biswanath | 0)","20(Halem | 19, Biswanath | 1)"
Cachar,354,"275(Silchar | 109, Katigorah | 94, Sonai | 54, Lakhipur | 18)","79(Silchar | 0, Katigorah | 0, Sonai | 79, Lakhipur | 0)"
Chirang,6,"6(Bengtal | 2, Bijni | 4)","0(Bengtal | 0, Bijni | 0)"
Hailakandi,1,1(Hailakandi | 1),0(Hailakandi | 0)
Barpeta,67,"67(Barpeta | 40, Baghbar | 12, Chenga | 15)","0(Barpeta | 0, Baghbar | 0, Chenga | 0)"
Darrang,17,"3(Mangaldoi | 2, Sipajhar | 1)","14(Mangaldoi | 14, Sipajhar | 0)"
Dhemaji,29,"2(Dhemaji | 2, Sissiborgaon | 0, Gogamukh | 0, Jonai | 0)","27(Dhemaji | 3, Sissiborgaon | 5, Gogamukh | 7, Jonai | 12)"
Dibrugarh,3,"0(Chabua | 0, Tengakhat | 0)","3(Chabua | 1, Tengakhat | 2)"
Bajali,7,7(Sarupeta | 7),0(Sarupeta | 0)
Kamrup,20,"17(Kayan | 2, Hajo | 11, North Ghy | 4)","3(Kayan | 0, Hajo | 3, North Ghy | 0)"
Hojai,3,3(Hojai | 3),0(Hojai | 0)
Karimganj,41,"38(Nilambazar | 7, Badarpur | 10, RK Nagar | 6, Karimganj | 15, Patherkandi | 0)","3(Nilambazar | 0, Badarpur | 0, RK Nagar | 0, Karimganj | 0, Patherkandi | 3)"
Lakhimpur,31,"3(Narayanpur | 2, Subansiri | 1, Dhakuakhana | 0, Bihpuria | 0, Nowboicha | 0)","28(Narayanpur | 1, Subansiri | 20, Dhakuakhana | 1, Bihpuria | 4, Nowboicha | 2)"
Bajali,7,6(Sarupeta | 6),1(Sarupeta | 1)
Majuli,12,"0(Majuli | 0, Ujani Majuli | 0)","12(Majuli | 4, Ujani Majuli | 8)"
Morigaon,98,"82(Morigaon | 68, Mikirbheta | 10, Bhuragaon | 2, Mayong | 2)","16(Morigaon | 11, Mikirbheta | 5, Bhuragaon | 0, Mayong | 0)"
Nagaon,78,"64(Kampur | 17, Raha | 13, Nagaon | 34)","14(Kampur | 0, Raha | 0, Nagaon | 14)"
Nalbari,2,"2(Paschim Nalbari | 1, Barbhag | 1)","0(Paschim Nalbari | 0, Barbhag | 0)"
Udalguri,2,2(Udalguri | 2),0(Udalguri | 0)
Tinsukia,10,"6(Tinsukia | 3, Doomdooma | 3)","4(Tinsukia | 4, Doomdooma | 0)"
Karbi Anglong West,34,0(Donkamokam | 0),34(Donkamokam | 34)
Sonitpur,3,"0(Dhekiajuli | 0, Thelamara | 0, Tezpur | 0)","3(Dhekiajuli | 1, Thelamara | 1, Tezpur | 1)"
Dima-Hasao,31,23(Haflong | 23),8(Haflong | 8)
Barpeta,43,"43(Barpeta | 35, Chenga | 8)","0(Barpeta | 0, Chenga | 0)"
Dibrugarh,25,"3(Dibrugarh East | 3, Chabua | 0, Tengakhat | 0, Moran | 0, Tingkhong | 0)","22(Dibrugarh East | 4, Chabua | 6, Tengakhat | 4, Moran | 7, Tingkhong | 1)"
Hailakandi,6,"6(Algapur | 5, Hailakandi | 1)","0(Algapur | 0, Hailakandi | 0)"
Tamulpur,2,2(Goreswar | 2),0(Goreswar | 0)
Darrang,4,1(Sipajhar | 1),3(Sipajhar | 3)
Chirang,4,4(Bijni | 4),0(Bijni | 0)
Cachar,400,"255(Sonai | 37, Katigorah | 94, Silchar | 108, Lakhipur | 16)","145(Sonai | 0, Katigorah | 77, Silchar | 68, Lakhipur | 0)"
Biswanath,6,1(Halem | 1),5(Halem | 5)
Dhemaji,32,"2(Dhemaji | 2, Gogamukh | 0, Jonai | 0, Sissiborgaon | 0)","30(Dhemaji | 2, Gogamukh | 4, Jonai | 21, Sissiborgaon | 3)"
Chirang,4,4(Bijni | 4),0(Bijni | 0)
Bajali,6,6(Sarupeta | 6),0(Sarupeta | 0)
Dibrugarh,24,"3(Dibrugarh East | 3, Chabua | 0, Moran | 0, Dibrugarh West | 0)","21(Dibrugarh East | 4, Chabua | 2, Moran | 6, Dibrugarh West | 9)"
Dhemaji,9,"0(Sissiborgaon | 0, Jonai | 0)","9(Sissiborgaon | 3, Jonai | 6)"
Barpeta,41,"41(Barpeta | 35, Chenga | 6)","0(Barpeta | 0, Chenga | 0)"
Darrang,18,"0(Mangaldoi | 0, Sipajhar | 0)","18(Mangaldoi | 12, Sipajhar | 6)"
Tinsukia,11,"5(Tinsukia | 2, Doomdooma | 3)","6(Tinsukia | 2, Doomdooma | 4)"
Dima-Hasao,24,22(Haflong | 22),2(Haflong | 2)
Hailakandi,5,5(Algapur | 5),0(Algapur | 0)
Hojai,10,3(Hojai | 3),7(Hojai | 7)
Karimganj,47,"34(Nilambazar | 6, Karimganj | 15, RK Nagar | 5, Badarpur | 8, Patherkandi | 0)","13(Nilambazar | 1, Karimganj | 0, RK Nagar | 0, Badarpur | 0, Patherkandi | 12)"
Udalguri,2,2(Udalguri | 2),0(Udalguri | 0)
Kamrup,15,"15(North Ghy | 2, Kayan | 2, Hajo | 11)","0(North Ghy | 0, Kayan | 0, Hajo | 0)"
Morigaon,40,"12(Mikirbheta | 3, Morigaon | 3, Bhuragaon | 6)","28(Mikirbheta | 0, Morigaon | 13, Bhuragaon | 15)"
Nagaon,47,"47(Nagaon | 17, Kampur | 17, Raha | 13)","0(Nagaon | 0, Kampur | 0, Raha | 0)"
Nalbari,1,1(Paschim Nalbari | 1),0(Paschim Nalbari | 0)
Sivasagar,6,0(Demow | 0),6(Demow | 6)
Sonitpur,4,"0(Dhekiajuli | 0, Chariduar | 0, Tezpur | 0)","4(Dhekiajuli | 1, Chariduar | 2, Tezpur | 1)"
Tamulpur,5,2(Goreswar | 2),3(Goreswar | 3)
Biswanath,5,"1(Halem | 1, Gohpur | 0)","4(Halem | 2, Gohpur | 2)"
Cachar,201,"201(Silchar | 54, Sonai | 37, Lakhipur | 15, Katigorah | 95)","0(Silchar | 0, Sonai | 0, Lakhipur | 0, Katigorah | 0)"
Lakhimpur,16,"0(Subansiri | 0, Bihpuria | 0, Narayanpur | 0, Nowboicha | 0)","16(Subansiri | 5, Bihpuria | 6, Narayanpur | 4, Nowboicha | 1)"
Charaideo,1,0(Sonari | 0),1(Sonari | 1)
Nalbari,1,1(Paschim Nalbari | 1),0(Paschim Nalbari | 0)
Nagaon,42,"42(Nagaon | 12, Raha | 13, Kampur | 17)","0(Nagaon | 0, Raha | 0, Kampur | 0)"
Dima-Hasao,22,22(Haflong | 22),0(Haflong | 0)
Morigaon,32,"18(Bhuragaon | 7, Morigaon | 11, Mikirbheta | 0)","14(Bhuragaon | 0, Morigaon | 8, Mikirbheta | 6)"
Lakhimpur,5,"0(Narayanpur | 0, Nowboicha | 0)","5(Narayanpur | 3, Nowboicha | 2)"
Sivasagar,4,0(Demow | 0),4(Demow | 4)
Dibrugarh,16,"3(Dibrugarh East | 3, Dibrugarh West | 0, Moran | 0, Naharkatia | 0, Tengakhat | 0)","13(Dibrugarh East | 3, Dibrugarh West | 4, Moran | 3, Naharkatia | 2, Tengakhat | 1)"
Kamrup,8,"8(North Ghy | 1, Kayan | 2, Hajo | 5)","0(North Ghy | 0, Kayan | 0, Hajo | 0)"
Cachar,189,"189(Katigorah | 95, Lakhipur | 15, Sonai | 27, Silchar | 52)","0(Katigorah | 0, Lakhipur | 0, Sonai | 0, Silchar | 0)"
Chirang,3,3(Bijni | 3),0(Bijni | 0)
Karimganj,38,"34(Nilambazar | 6, RK Nagar | 5, Karimganj | 15, Badarpur | 8)","4(Nilambazar | 0, RK Nagar | 0, Karimganj | 4, Badarpur | 0)"
Hojai,3,2(Hojai | 2),1(Hojai | 1)
Tinsukia,2,"2(Tinsukia | 1, Doomdooma | 1)","0(Tinsukia | 0, Doomdooma | 0)"
Hailakandi,7,5(Algapur | 5),2(Algapur | 2)
Udalguri,3,"2(Udalguri | 2, Mazbat | 0)","1(Udalguri | 0, Mazbat | 1)"
Tamulpur,2,2(Goreswar | 2),0(Goreswar | 0)
Goalpara,3,0(Lakhipur | 0),3(Lakhipur | 3)
Biswanath,1,0(Halem | 0),1(Halem | 1)
Barpeta,26,"26(Barpeta | 23, Chenga | 3)","0(Barpeta | 0, Chenga | 0)"
Bajali,6,6(Sarupeta | 6),0(Sarupeta | 0)
Bajali,6,6(Sarupeta | 6),0(Sarupeta | 0)
Barpeta,16,16(Barpeta | 16),0(Barpeta | 0)
Biswanath,1,0(Halem | 0),1(Halem | 1)
Cachar,180,"180(Katigorah | 98, Silchar | 50, Sonai | 22, Lakhipur | 10)","0(Katigorah | 0, Silchar | 0, Sonai | 0, Lakhipur | 0)"
Chirang,3,3(Bijni | 3),0(Bijni | 0)
Darrang,13,0(Mangaldoi | 0),13(Mangaldoi | 13)
Dibrugarh,3,3(Dibrugarh East | 3),0(Dibrugarh East | 0)
Tamulpur,2,2(Goreswar | 2),0(Goreswar | 0)
Udalguri,2,2(Udalguri | 2),0(Udalguri | 0)
Hojai,5,3(Hojai | 3),2(Hojai | 2)
Kamrup,4,"4(Kayan | 2, North Ghy | 1, Hajo | 1)","0(Kayan | 0, North Ghy | 0, Hajo | 0)"
Karimganj,38,"33(Karimganj | 14, Nilambazar | 6, Badarpur | 8, RK Nagar | 5)","5(Karimganj | 5, Nilambazar | 0, Badarpur | 0, RK Nagar | 0)"
Lakhimpur,8,"0(Subansiri | 0, Bihpuria | 0, North Lakhimpur | 0)","8(Subansiri | 2, Bihpuria | 5, North Lakhimpur | 1)"
Morigaon,32,"13(Mikirbheta | 2, Bhuragaon | 7, Morigaon | 4)","19(Mikirbheta | 4, Bhuragaon | 0, Morigaon | 15)"
Nagaon,36,"36(Nagaon | 6, Kampur | 17, Raha | 13)","0(Nagaon | 0, Kampur | 0, Raha | 0)"
Sonitpur,3,0(Tezpur | 0),3(Tezpur | 3)
Dima-Hasao,22,22(Haflong | 22),0(Haflong | 0)
Hailakandi,2,2(Algapur | 2),0(Algapur | 0)
Dibrugarh,8,"2(Dibrugarh East | 2, Moran | 0, Chabua | 0, Dibrugarh West | 0)","6(Dibrugarh East | 0, Moran | 1, Chabua | 1, Dibrugarh West | 4)"
Barpeta,6,"5(Barpeta | 5, Baghbar | 0)","1(Barpeta | 0, Baghbar | 1)"
Bajali,6,6(Sarupeta | 6),0(Sarupeta | 0)
Tamulpur,2,2(Goreswar | 2),0(Goreswar | 0)
Sivasagar,1,0(Demow | 0),1(Demow | 1)
Morigaon,11,"9(Mikirbheta | 1, Morigaon | 4, Bhuragaon | 4)","2(Mikirbheta | 2, Morigaon | 0, Bhuragaon | 0)"
Lakhimpur,3,0(Subansiri | 0),3(Subansiri | 3)
Karimganj,38,"32(Nilambazar | 6, Karimganj | 14, RK Nagar | 4, Badarpur | 8, Patherkandi | 0)","6(Nilambazar | 0, Karimganj | 0, RK Nagar | 0, Badarpur | 0, Patherkandi | 6)"
Nagaon,96,"36(Nagaon | 6, Raha | 13, Kampur | 17)","60(Nagaon | 0, Raha | 60, Kampur | 0)"
Hailakandi,2,2(Algapur | 2),0(Algapur | 0)
Dima-Hasao,21,21(Haflong | 21),0(Haflong | 0)
Darrang,5,0(Sipajhar | 0),5(Sipajhar | 5)
Chirang,3,3(Bijni | 3),0(Bijni | 0)
Cachar,178,"178(Sonai | 21, Lakhipur | 10, Silchar | 49, Katigorah | 98)","0(Sonai | 0, Lakhipur | 0, Silchar | 0, Katigorah | 0)"
Kamrup,3,"3(Kayan | 2, North Ghy | 1)","0(Kayan | 0, North Ghy | 0)"
Kamrup,3,"3(Kayan | 2, North Ghy | 1)","0(Kayan | 0, North Ghy | 0)"
Tamulpur,2,2(Goreswar | 2),0(Goreswar | 0)
Nagaon,22,"22(Kampur | 5, Nagaon | 4, Raha | 13)","0(Kampur | 0, Nagaon | 0, Raha | 0)"
Morigaon,7,"7(Morigaon | 5, Bhuragaon | 2)","0(Morigaon | 0, Bhuragaon | 0)"
Lakhimpur,3,0(Subansiri | 0),3(Subansiri | 3)
Karimganj,36,"28(Nilambazar | 6, RK Nagar | 3, Karimganj | 13, Badarpur | 6)","8(Nilambazar | 8, RK Nagar | 0, Karimganj | 0, Badarpur | 0)"
Hailakandi,2,2(Algapur | 2),0(Algapur | 0)
Biswanath,2,0(Gohpur | 0),2(Gohpur | 2)
Dibrugarh,4,"2(Dibrugarh East | 2, Chabua | 0)","2(Dibrugarh East | 0, Chabua | 2)"
Dhemaji,4,0(Jonai | 0),4(Jonai | 4)
Darrang,1,0(Sipajhar | 0),1(Sipajhar | 1)
Chirang,1,1(Bijni | 1),0(Bijni | 0)
Cachar,173,"173(Silchar | 46, Katigorah | 98, Sonai | 19, Lakhipur | 10)","0(Silchar | 0, Katigorah | 0, Sonai | 0, Lakhipur | 0)"
Bajali,5,5(Sarupeta | 5),0(Sarupeta | 0)
Dima-Hasao,21,21(Haflong | 21),0(Haflong | 0)
Sivasagar,9,"0(Sivsagar | 0, Demow | 0)","9(Sivsagar | 1, Demow | 8)"
Bajali,5,5(Sarupeta | 5),0(Sarupeta | 0)
Nagaon,17,"17(Kampur | 4, Raha | 13)","0(Kampur | 0, Raha | 0)"
Dibrugarh,2,"1(Dibrugarh East | 1, Dibrugarh West | 0)","1(Dibrugarh East | 0, Dibrugarh West | 1)"
Sivasagar,7,"0(Sivsagar | 0, Demow | 0)","7(Sivsagar | 2, Demow | 5)"
Dima-Hasao,21,21(Haflong | 21),0(Haflong | 0)
Hailakandi,12,"2(Algapur | 2, Hailakandi | 0)","10(Algapur | 0, Hailakandi | 10)"
Chirang,1,1(Bijni | 1),0(Bijni | 0)
Kamrup,3,"3(Kayan | 2, North Ghy | 1)","0(Kayan | 0, North Ghy | 0)"
Cachar,124,"124(Lakhipur | 10, Silchar | 46, Sonai | 12, Katigorah | 56)","0(Lakhipur | 0, Silchar | 0, Sonai | 0, Katigorah | 0)"
Morigaon,24,4(Morigaon | 4),20(Morigaon | 20)
Tamulpur,3,2(Goreswar | 2),1(Goreswar | 1)
Karimganj,27,"27(RK Nagar | 3, Karimganj | 12, Nilambazar | 6, Badarpur | 6)","0(RK Nagar | 0, Karimganj | 0, Nilambazar | 0, Badarpur | 0)"
Dibrugarh,6,"0(Dibrugarh West | 0, Naharkatia | 0)","6(Dibrugarh West | 1, Naharkatia | 5)"
Cachar,107,"107(Sonai | 1, Silchar | 40, Lakhipur | 10, Katigorah | 56)","0(Sonai | 0, Silchar | 0, Lakhipur | 0, Katigorah | 0)"
Bajali,4,4(Sarupeta | 4),0(Sarupeta | 0)
Dima-Hasao,25,21(Haflong | 21),4(Haflong | 4)
Karimganj,22,"18(Nilambazar | 5, Karimganj | 9, Badarpur | 4, Patherkandi | 0)","4(Nilambazar | 0, Karimganj | 0, Badarpur | 0, Patherkandi | 4)"
Chirang,1,1(Bijni | 1),0(Bijni | 0)
Kamrup,3,"3(Kayan | 2, North Ghy | 1)","0(Kayan | 0, North Ghy | 0)"
Morigaon,4,4(Morigaon | 4),0(Morigaon | 0)
Nagaon,13,13(Raha | 13),0(Raha | 0)
Sivasagar,5,0(Demow | 0),5(Demow | 5)
Tamulpur,1,1(Goreswar | 1),0(Goreswar | 0)
Hailakandi,1,1(Algapur | 1),0(Algapur | 0)
Bajali,2,2(Sarupeta | 2),0(Sarupeta | 0)
Tamulpur,1,1(Goreswar | 1),0(Goreswar | 0)
Morigaon,4,4(Morigaon | 4),0(Morigaon | 0)
Cachar,83,"83(Silchar | 40, Lakhipur | 9, Katigorah | 34)","0(Silchar | 0, Lakhipur | 0, Katigorah | 0)"
Chirang,1,1(Bijni | 1),0(Bijni | 0)
Karimganj,27,"16(Nilambazar | 4, Karimganj | 8, Badarpur | 4)","11(Nilambazar | 0, Karimganj | 11, Badarpur | 0)"
Dima-Hasao,20,20(Haflong | 20),0(Haflong | 0)
Hailakandi,1,1(Algapur | 1),0(Algapur | 0)
Kamrup,2,2(Kayan | 2),0(Kayan | 0)
Dima-Hasao,20,20(Haflong | 20),0(Haflong | 0)
Chirang,1,1(Bijni | 1),0(Bijni | 0)
Tamulpur,3,1(Goreswar | 1),2(Goreswar | 2)
Kamrup,2,2(Kayan | 2),0(Kayan | 0)
Morigaon,9,9(Morigaon | 9),0(Morigaon | 0)
Nagaon,46,0(Raha | 0),46(Raha | 46)
Cachar,79,"79(Silchar | 40, Lakhipur | 9, Katigorah | 30)","0(Silchar | 0, Lakhipur | 0, Katigorah | 0)"
Bajali,2,2(Sarupeta | 2),0(Sarupeta | 0)
Morigaon,9,9(Morigaon | 9),0(Morigaon | 0)
Bajali,2,2(Sarupeta | 2),0(Sarupeta | 0)
Dima-Hasao,26,20(Haflong | 20),6(Haflong | 6)
Biswanath,1,0(Halem | 0),1(Halem | 1)
Cachar,60,"60(Silchar | 32, Katigorah | 27, Lakhipur | 1)","0(Silchar | 0, Katigorah | 0, Lakhipur | 0)"
Chirang,1,1(Bijni | 1),0(Bijni | 0)
Tamulpur,1,1(Goreswar | 1),0(Goreswar | 0)
Kamrup,2,2(Kayan | 2),0(Kayan | 0)
Morigaon,9,9(Morigaon | 9),0(Morigaon | 0)
Dima-Hasao,19,19(Haflong | 19),0(Haflong | 0)
Cachar,53,"53(Silchar | 32, Lakhipur | 1, Katigorah | 20)","0(Silchar | 0, Lakhipur | 0, Katigorah | 0)"
Tamulpur,1,1(Goreswar | 1),0(Goreswar | 0)
Chirang,1,1(Bijni | 1),0(Bijni | 0)
Dima-Hasao,17,17(Haflong | 17),0(Haflong | 0)
Cachar,31,"31(Silchar | 23, Katigorah | 8)","0(Silchar | 0, Katigorah | 0)"
Chirang,1,1(Bijni | 1),0(Bijni | 0)
Tamulpur,2,0(Goreswar | 0),2(Goreswar | 2)
Morigaon,10,10(Morigaon | 10),0(Morigaon | 0)
Morigaon,8,8(Morigaon | 8),0(Morigaon | 0)
Cachar,19,19(Silchar | 19),0(Silchar | 0)
Chirang,1,1(Bijni | 1),0(Bijni | 0)
Dima-Hasao,17,17(Haflong | 17),0(Haflong | 0)
Cachar,16,16(Silchar | 16),0(Silchar | 0)
Chirang,1,1(Bijni | 1),0(Bijni | 0)
Dima-Hasao,24,18(Haflong | 18),6(Haflong | 6)
Morigaon,8,8(Morigaon | 8),0(Morigaon | 0)
Cachar,12,12(Silchar | 12),0(Silchar | 0)
Dima-Hasao,8,8(Haflong | 8),0(Haflong | 0)
Morigaon,6,6(Morigaon | 6),0(Morigaon | 0)
Dima-Hasao,10,9(Haflong | 9),1(Haflong | 1)
Biswanath,3,0(Gohpur | 0),3(Gohpur | 3)
Cachar,8,8(Silchar | 8),0(Silchar | 0)
Morigaon,6,6(Morigaon | 6),0(Morigaon | 0)
Morigaon,6,6(Morigaon | 6),0(Morigaon | 0)
Dima-Hasao,8,7(Haflong | 7),1(Haflong | 1)
Cachar,4,4(Silchar | 4),0(Silchar | 0)
Cachar,3,3(Silchar | 3),0(Silchar | 0)
Dima-Hasao,8,7(Haflong | 7),1(Haflong | 1)
Morigaon,6,6(Morigaon | 6),0(Morigaon | 0)
Tinsukia,1,0(Sadiya | 0),1(Sadiya | 1)
Cachar,3,3(Silchar | 3),0(Silchar | 0)
Morigaon,6,6(Morigaon | 6),0(Morigaon | 0)
Tinsukia,2,"0(Sadiya | 0, Tinsukia | 0)","2(Sadiya | 1, Tinsukia | 1)"
Cachar,1,1(Silchar | 1),0(Silchar | 0)
Morigaon,6,6(Morigaon | 6),0(Morigaon | 0)
Cachar,1,1(Silchar | 1),0(Silchar | 0)
Dima-Hasao,5,0(Haflong | 0),5(Haflong | 5)
Morigaon,6,6(Morigaon | 6),0(Morigaon | 0)
Morigaon,6,6(Morigaon | 6),0(Morigaon | 0)
Morigaon,6,6(Morigaon | 6),0(Morigaon | 0)
Tamulpur,2,0(Goreswar | 0),2(Goreswar | 2)
Dima-Hasao,1,0(Haflong | 0),1(Haflong | 1)
Morigaon,5,5(Morigaon | 5),0(Morigaon | 0)
Morigaon,2,2(Morigaon | 2),0(Morigaon | 0)
Charaideo,19,"1(Sonari | 1, Sapekhati | 0)","18(Sonari | 9, Sapekhati | 9)"
Morigaon,2,2(Morigaon | 2),0(Morigaon | 0)
Charaideo,9,1(Sonari | 1),8(Sonari | 8)
Morigaon,2,2(Morigaon | 2),0(Morigaon | 0)
Morigaon,2,2(Morigaon | 2),0(Morigaon | 0)
Morigaon,2,2(Morigaon | 2),0(Morigaon | 0)
Dhemaji,5,2(Dhemaji | 2),3(Dhemaji | 3)
Dhemaji,14,"3(Dhemaji | 2, Gogamukh | 1)","11(Dhemaji | 0, Gogamukh | 11)"
Lakhimpur,8,2(Subansiri | 2),6(Subansiri | 6)
Chirang,4,"2(Bijni | 2, Sidli | 0)","2(Bijni | 0, Sidli | 2)"
Bajali,1,0(Sarupeta | 0),1(Sarupeta | 1)
Chirang,1,1(Bijni | 1),0(Bijni | 0)
Udalguri,6,"6(Khairabari | 3, Harisinga | 3)","0(Khairabari | 0, Harisinga | 0)"
Udalguri,5,"5(Harisinga | 2, Khairabari | 3)","0(Harisinga | 0, Khairabari | 0)"
Udalguri,2,2(Harisinga | 2),0(Harisinga | 0)
Udalguri,1,1(Harisinga | 1),0(Harisinga | 0)
Udalguri,1,1(Harisinga | 1),0(Harisinga | 0)
Udalguri,1,1(Harisinga | 1),0(Harisinga | 0)
Lakhimpur,7,"0(North Lakhimpur | 0, Nowboicha | 0)","7(North Lakhimpur | 2, Nowboicha | 5)"
Dibrugarh,1,0(Chabua | 0),1(Chabua | 1)
Dhemaji,14,"0(Dhemaji | 0, Jonai | 0, Sissiborgaon | 0, Gogamukh | 0)","14(Dhemaji | 3, Jonai | 2, Sissiborgaon | 3, Gogamukh | 6)"
Lakhimpur,9,"0(Subansiri | 0, Nowboicha | 0, North Lakhimpur | 0)","9(Subansiri | 4, Nowboicha | 3, North Lakhimpur | 2)"
Dibrugarh,1,0(Chabua | 0),1(Chabua | 1)
Lakhimpur,13,"0(North Lakhimpur | 0, Nowboicha | 0, Bihpuria | 0)","13(North Lakhimpur | 3, Nowboicha | 6, Bihpuria | 4)"
Tinsukia,1,0(Tinsukia | 0),1(Tinsukia | 1)
Chirang,2,2(Bijni | 2),0(Bijni | 0)
Dhemaji,6,"2(Dhemaji | 2, Gogamukh | 0)","4(Dhemaji | 2, Gogamukh | 2)"
Lakhimpur,7,1(Subansiri | 1),6(Subansiri | 6)
Udalguri,6,"6(Khairabari | 3, Harisinga | 3)","0(Khairabari | 0, Harisinga | 0)"
Chirang,1,1(Bijni | 1),0(Bijni | 0)
Dhemaji,9,"1(Dhemaji | 1, Gogamukh | 0)","8(Dhemaji | 3, Gogamukh | 5)"
Udalguri,6,"6(Khairabari | 3, Harisinga | 3)","0(Khairabari | 0, Harisinga | 0)"
Dhemaji,6,"0(Dhemaji | 0, Sissiborgaon | 0)","6(Dhemaji | 5, Sissiborgaon | 1)"
Golaghat,2,0(Golaghat | 0),2(Golaghat | 2)
Dhemaji,2,0(Jonai | 0) ,2(Jonai | 2)
Dhemaji,2,"0(Dhemaji | 0, Sissiborgaon | 0)","2(Dhemaji | 1, Sissiborgaon | 1)"
Dhemaji,2,0(Jonai | 0) ,2(Jonai | 2)
Bajali,66,"47(Sarupeta | 9, Bajali | 38)","19(Sarupeta | 1, Bajali | 18)"
Baksa,22,"6(Barama | 3, Baska | 3, Barnagar RC part | 0)","16(Barama | 1, Baska | 0, Barnagar RC part | 15)"
Barpeta,94,"82(Barpeta | 33, Baghbar | 4, Sarthebari | 13, 
Chenga | 32)","12(Barpeta | 0, Baghbar | 0, Sarthebari | 8, Chenga 
| 4)"
"Bongaigao
n",66,"32(Manikpur | 3, Boitamari | 3, Srijangram | 26)","34(Manikpur | 5, Boitamari | 2, Srijangram | 27)"
Cachar,107,"88(Katigorah | 17, Silchar | 57, Lakhipur | 6, 
Sonai | 7, Udharbond | 1)","19(Katigorah | 0, Silchar | 0, Lakhipur | 0, Sonai | 
19, Udharbond | 0)"
Chirang,12,"12(Bengtal | 1, Bijni | 11)","0(Bengtal | 0, Bijni | 0)"
Darrang,30,"19(Mangaldoi | 9, Dalgaon | 1, Sipajhar | 4, 
Patharighat | 5)","11(Mangaldoi | 0, Dalgaon | 0, Sipajhar | 0, 
Patharighat | 11)"
Dhemaji,10,"0(Sissiborgaon | 0, Dhemaji | 0, Jonai | 0, 
Gogamukh | 0)","10(Sissiborgaon | 2, Dhemaji | 1, Jonai | 3, 
Gogamukh | 4)"
Dhubri,43,"43(Chapar | 3, Athani | 4, Bilasipara | 35, 
Golakganj | 1)","0(Chapar | 0, Athani | 0, Bilasipara | 0, Golakganj | 
0)"
Dibrugarh,3,0(Chabua | 0),3(Chabua | 3)
"Dima-
Hasao",29,25(Haflong | 25),4(Haflong | 4)
Goalpara,100,"59(Balijana | 26, Lakhipur | 30, Matia | 3)","41(Balijana | 11, Lakhipur | 30, Matia | 0)"
Hailakandi,16,"8(Hailakandi | 5, Algapur | 3, Katlicherra | 0, 
Lala | 0)","8(Hailakandi | 5, Algapur | 0, Katlicherra | 1, Lala | 
2)"
Hojai,61,"47(Hojai | 33, Doboka | 14)","14(Hojai | 0, Doboka | 14)"
Kamrup,53,"26(Rangia | 9, Hajo | 3, North Ghy | 4, 
Kamalpur | 10, Kayan | 0)","27(Rangia | 1, Hajo | 0, North Ghy | 11, Kamalpur | 
10, Kayan | 5)"
"Kamrup 
(M)",6,2(Guwahati | 2),4(Guwahati | 4)
"Karbi 
Anglong 
West",6,0(Donkamokam | 0),6(Donkamokam | 6)
Karimganj,73,"30(Badarpur | 10, Patherkandi | 1, Karimganj | 
19, Nilambazar | 0, RK Nagar | 0)","43(Badarpur | 8, Patherkandi | 4, Karimganj | 0, 
Nilambazar | 6, RK Nagar | 25)"
Kokrajhar,40,"16(Gossaigaon | 2, Bagribari | 9, Kokrajhar | 3, 
Dotma | 2, Bhawraguri | 0)","24(Gossaigaon | 0, Bagribari | 4, Kokrajhar | 0, 
Dotma | 17, Bhawraguri | 3)"
Lakhimpur,12,"0(North Lakhimpur | 0, Dhakuakhana | 0, 
Bihpuria | 0, Nowboicha | 0)","12(North Lakhimpur | 3, Dhakuakhana | 1, 
Bihpuria | 2, Nowboicha | 6)"
Nagaon,33,"33(Kampur | 17, Raha | 5, Nagaon | 11)","0(Kampur | 0, Raha | 0, Nagaon | 0)"
Nalbari,120,"111(Ghograpar | 3, Tihu | 20, Banekuchi | 17, 
Paschim Nalbari | 21, Barbhag | 20, Nalbari | 
30)","9(Ghograpar | 5, Tihu | 0, Banekuchi | 0, Paschim 
Nalbari | 0, Barbhag | 0, Nalbari | 4)"
Sivasagar,7,0(Sivsagar | 0),7(Sivsagar | 7)
Sonitpur,26,"2(Dhekiajuli | 1, Chariduar | 1, Thelamara | 0, 
Tezpur | 0)","24(Dhekiajuli | 2, Chariduar | 0, Thelamara | 17, 
Tezpur | 5)"
Tamulpur,42,"22(Goreswar | 8, Tamulpur | 14)","20(Goreswar | 9, Tamulpur | 11)"
Tinsukia,10,"4(Doomdooma | 4, Tinsukia | 0)","6(Doomdooma | 4, Tinsukia | 2)"
Udalguri,60,"30(Udalguri | 10, Harisinga | 5, Kalaigaon | 6, 
Mazbat | 9, Khairabari | 0)","30(Udalguri | 22, Harisinga | 4, Kalaigaon | 0, 
Mazbat | 0, Khairabari | 4)"
Cachar,230,"230(Silchar | 63, Sonai | 50, Katigorah | 94, 
Lakhipur | 23)","0(Silchar | 0, Sonai | 0, Katigorah | 0, Lakhipur | 0)"
Chirang,3,3(Bijni | 3),0(Bijni | 0)
Darrang,23,"3(Mangaldoi | 2, Sipajhar | 1)","20(Mangaldoi | 15, Sipajhar | 5)"
Dhemaji,2,0(Sissiborgaon | 0),2(Sissiborgaon | 2)
Dibrugarh,1,0(Dibrugarh East | 0),1(Dibrugarh East | 1)
"Dima-
Hasao",25,25(Haflong | 25),0(Haflong | 0)
Goalpara,18,"18(Lakhipur | 12, Balijana | 6)","0(Lakhipur | 0, Balijana | 0)"
Hailakandi,9,"5(Algapur | 5, Hailakandi | 0)","4(Algapur | 0, Hailakandi | 4)"
Hojai,3,3(Hojai | 3),0(Hojai | 0)
Kamrup,34,"19(Kayan | 3, Kamalpur | 2, North Ghy | 11, 
Rangia | 3, Hajo | 0)","15(Kayan | 0, Kamalpur | 2, North Ghy | 0, Rangia 
| 1, Hajo | 12)"
"Karbi 
Anglong 
West",4,0(Donkamokam | 0),4(Donkamokam | 4)
Karimganj,80,"55(Badarpur | 16, Nilambazar | 7, Karimganj | 
29, Patherkandi | 3, RK Nagar | 0)","25(Badarpur | 0, Nilambazar | 0, Karimganj | 0, 
Patherkandi | 0, RK Nagar | 25)"
Lakhimpur,11,"0(North Lakhimpur | 0, Subansiri | 0, 
Nowboicha | 0)","11(North Lakhimpur | 1, Subansiri | 9, Nowboicha 
| 1)"
Morigaon,1,1(Morigaon | 1),0(Morigaon | 0)
Nagaon,66,"66(Raha | 13, Nagaon | 36, Kampur | 17)","0(Raha | 0, Nagaon | 0, Kampur | 0)"
Nalbari,9,"9(Paschim Nalbari | 6, Barbhag | 2, Tihu | 1)","0(Paschim Nalbari | 0, Barbhag | 0, Tihu | 0)"
Sonitpur,1,1(Dhekiajuli | 1),0(Dhekiajuli | 0)
"South 
Salmara",5,5(Mankachar | 5),0(Mankachar | 0)
Tamulpur,2,2(Goreswar | 2),0(Goreswar | 0)
Udalguri,3,"2(Udalguri | 2, Mazbat | 0)","1(Udalguri | 0, Mazbat | 1)"
Bajali,2,"0(Sarupeta | 0, Bajali | 0)","2(Sarupeta | 1, Bajali | 1)"
Baksa,1,0(Baska | 0),1(Baska | 1
Barpeta,147,"117(Barpeta | 60, Baghbar | 20, Chenga | 37, Barnagar | 0, Kalgachia | 0)","30(Barpeta | 0, Baghbar | 1, Chenga | 6, Barnagar | 11, Kalgachia | 12)"
Dima-Hasao,5,0(Haflong | 0),5(Haflong | 5)
Kamrup (M),2,"2(Guwahati | 1, Dispur | 1)","0(Guwahati | 0, Dispur | 0)"
Bajali,3,"2(Sarupeta | 2, Bajali | 0)","1(Sarupeta | 0, Bajali | 1)"
Baksa,4,0(Barnagar RC part | 0),4(Barnagar RC part | 4)
Barpeta,176,"153(Barpeta | 97, Baghbar | 19, Chenga | 37, 
Kalgachia | 0)","23(Barpeta | 0, Baghbar | 1, Chenga | 11, 
Kalgachia | 11)"
Cachar,224,"224(Lakhipur | 22, Katigorah | 94, Udharbond | 
1, Sonai | 44, Silchar | 63)","0(Lakhipur | 0, Katigorah | 0, Udharbond | 0, 
Sonai | 0, Silchar | 0)"
Chirang,3,3(Bijni | 3),0(Bijni | 0)
Darrang,42,"4(Sipajhar | 1, Mangaldoi | 3, Patharighat | 0)","38(Sipajhar | 11, Mangaldoi | 26, Patharighat | 1)"
Dhemaji,12,"0(Dhemaji | 0, Sissiborgaon | 0, Gogamukh | 0)","12(Dhemaji | 2, Sissiborgaon | 3, Gogamukh | 7)"
Dibrugarh,1,0(Dibrugarh East | 0),1(Dibrugarh East | 1)
"Dima-
Hasao",27,26(Haflong | 26),1(Haflong | 1)
Goalpara,25,"25(Lakhipur | 13, Balijana | 12)","0(Lakhipur | 0, Balijana | 0)"
"Hailakand
i",18,"5(Hailakandi | 5, Lala | 0, Algapur | 0)","13(Hailakandi | 10, Lala | 2, Algapur | 1)"
Hojai,13,"8(Doboka | 4, Hojai | 4)","5(Doboka | 0, Hojai | 5)"
Kamrup,60,"35(Rangia | 8, Kamalpur | 12, North Ghy | 13, 
Kayan | 2, Hajo | 0)","25(Rangia | 1, Kamalpur | 12, North Ghy | 0, 
Kayan | 0, Hajo | 12)"
"Karbi 
Anglong 
West",2,0(Donkamokam | 0),2(Donkamokam | 2)
Karimganj,63,"62(Nilambazar | 8, Karimganj | 29, Badarpur | 
20, Patherkandi | 5)","1(Nilambazar | 1, Karimganj | 0, Badarpur | 0, 
Patherkandi | 0)"
"Lakhimpu
r",4,"0(Subansiri | 0, Bihpuria | 0)","4(Subansiri | 3, Bihpuria | 1)"
Morigaon,10,"1(Morigaon | 1, Mikirbheta | 0)","9(Morigaon | 0, Mikirbheta | 9)"
Nagaon,183,"64(Kampur | 17, Nagaon | 35, Raha | 12)","119(Kampur | 47, Nagaon | 33, Raha | 39)"
Nalbari,14,"13(Paschim Nalbari | 6, Tihu | 1, Barbhag | 4, 
Nalbari | 2)","1(Paschim Nalbari | 0, Tihu | 0, Barbhag | 0, 
Nalbari | 1)"
Sonitpur,1,1(Dhekiajuli | 1),0(Dhekiajuli | 0)
"South 
Salmara",8,8(Mankachar | 8),0(Mankachar | 0)
Tamulpur,3,"3(Goreswar | 2, Tamulpur | 1)","0(Goreswar | 0, Tamulpur | 0)"
Cachar,69,"69(Katigorah | 29, Sonai | 1, Silchar | 39)","0(Katigorah | 0, Sonai | 0, Silchar | 0)"
Dima-Hasao,4,0(Haflong | 0),4(Haflong | 4)
Morigaon,3,3(Morigaon | 3),0(Morigaon | 0)
Nagaon,12,"12(Nagaon | 3, Raha | 7, Kampur | 2)","0(Nagaon | 0, Raha | 0, Kampur | 0)"
Lakhimpur,4,0(Nowboicha | 0),4(Nowboicha | 4)
Cachar,45,"45(Katigorah | 20, Lakhipur | 1, Silchar | 24)","0(Katigorah | 0, Lakhipur | 0, Silchar | 0)"
Chirang,1,1(Bijni | 1),0(Bijni | 0)
Dima-Hasao,22,17(Haflong | 17),5(Haflong | 5)
Morigaon,8,8(Morigaon | 8),0(Morigaon | 0)
