District,Total,Revenue Circlewise,Male,Female,Children,Pregnant / Lactating Mother,Person with Disability
Cachar,1685,"(Udharbond | 0), (Lakhipur | 0), (Sonai | 0), (Silchar | 573), (Katigorah | 1112)",708,509,467,1,0
Hojai,2370,"(Lanka | 0), (Doboka | 0), (Hojai | 2370)",1445,712,185,28,0
Karbi Anglong West,275,(Donkamokam | 275),86,92,97,0,0
Hojai,29827,"(Lanka | 0), (Doboka | 0), (Hojai | 29827)",17767,9713,2333,14,0
Cachar,2623,"(Udharbond | 0), (Sonai | 0), (Lakhipur | 518), (Silchar | 631), (Katigorah | 1474)",1039,837,744,3,0
Biswanath,100,"(Gohpur | 0), (Biswanath | 0), (Halem | 100)",42,37,20,1,0
Udalguri,159,"(Udalguri | 0), (Harisinga | 0), (Mazbat | 0), (Kalaigaon | 0), (Khairabari | 159)",54,62,42,1,0
Dima-Hasao,250,(Haflong | 250),100,100,50,0,0
Hojai,31111,"(Lanka | 0), (Doboka | 0), (Hojai | 31111)",20490,9307,1312,2,0
Dima-Hasao,250,(Haflong | 250),100,100,50,0,0
Cachar,7589,"(Katigorah | 2851), (Silchar | 4220), (Lakhipur | 518), (Udharbond | 0), (Sonai | 0)",2956,2390,2240,3,0
Nagaon,246,"(Kampur | 169), (Raha | 77)",85,82,72,6,1
Karimganj,50,"(Badarpur | 50), (Karimganj | 0)",25,15,5,5,0
Kamrup,227,"(Kayan | 0), (Rangia | 227)",86,76,60,5,0
Biswanath,85,"(Naduar RC part | 0), (Biswanath | 0), (Gohpur | 0), (Halem | 85)",38,36,10,1,0
Hailakandi,464,(Algapur | 464),117,117,230,0,0
Biswanath,52,"(Halem | 52), (Naduar RC part | 0), (Gohpur | 0), (Biswanath | 0)",17,27,7,1,0
Hojai,31981,"(Lanka | 0), (Doboka | 0), (Hojai | 31981)",20046,9623,2295,15,2
Kamrup,40,"(Kayan | 0), (Rangia | 40)",17,12,10,1,0
Karimganj,152,"(Karimganj | 0), (Badarpur | 152)",72,57,14,9,0
Nagaon,2853,"(Nagaon | 1008), (Raha | 159), (Kampur | 1686)",1178,1036,616,21,2
Udalguri,163,"(Udalguri | 0), (Kalaigaon | 0), (Harisinga | 0), (Khairabari | 163)",55,63,45,0,0
Dima-Hasao,906,(Haflong | 906),205,381,320,0,0
Cachar,11693,"(Sonai | 1013), (Lakhipur | 1575), (Udharbond | 27), (Silchar | 5935), (Katigorah | 3143)",4388,3928,3374,3,0
Biswanath,30,"(Biswanath | 0), (Naduar RC part | 0), (Gohpur | 0), (Halem | 30)",10,17,3,0,0
Cachar,27795,"(Katigorah | 19360), (Silchar | 7346), (Lakhipur | 0), (Sonai | 1013), (Udharbond | 76)",10132,9945,7689,22,7
Nagaon,7824,"(Kampur | 2737), (Raha | 0), (Nagaon | 5087)",4154,2986,626,52,6
Karimganj,607,(Badarpur | 607),326,197,58,26,0
Kamrup,40,"(Kayan | 0), (Nagarbera | 0), (Rangia | 40)",17,12,10,1,0
Hojai,43811,"(Lanka | 0), (Doboka | 13891), (Hojai | 29920)",24995,14360,4438,16,2
Hailakandi,125,(Algapur | 125),45,62,18,0,0
Darrang,66,"(Patharighat | 66), (Mangaldoi | 0), (Sipajhar | 0)",10,40,13,1,2
Hojai,32595,"(Lanka | 0), (Doboka | 7437), (Hojai | 25158)",19396,9971,3210,16,2
Karimganj,607,"(Karimganj | 0), (Badarpur | 607)",326,197,58,26,0
Nagaon,12752,"(Kampur | 6287), (Nagaon | 6159), (Raha | 306)",6491,4302,1854,104,1
Darrang,91,"(Mangaldoi | 0), (Dalgaon | 0), (Sipajhar | 0), (Patharighat | 91)",15,58,15,1,2
Cachar,28424,"(Katigorah | 19360), (Silchar | 7975), (Udharbond | 76), (Sonai | 1013), (Lakhipur | 0)",10419,10179,7798,21,7
Morigaon,45,"(Mayong | 0), (Morigaon | 45)",20,15,10,0,0
Dima-Hasao,161,(Haflong | 161),70,65,26,0,0
Biswanath,30,"(Naduar RC part | 0), (Biswanath | 0), (Gohpur | 0), (Halem | 30)",10,17,3,0,0
Nagaon,16349,"(Nagaon | 7975), (Raha | 1427), (Kampur | 6947)",7994,5782,2452,119,2
Morigaon,45,"(Mayong | 0), (Morigaon | 45)",20,15,10,0,0
Karimganj,614,"(Karimganj | 0), (Badarpur | 614)",334,197,58,25,0
Hailakandi,79,(Algapur | 79),35,37,7,0,0
Dima-Hasao,1402,(Haflong | 1402),463,503,436,0,0
Darrang,72,"(Dalgaon | 0), (Mangaldoi | 0), (Sipajhar | 0), (Patharighat | 72)",5,46,18,1,2
Hojai,14052,"(Lanka | 0), (Doboka | 7437), (Hojai | 6615)",7230,4587,2231,4,0
Cachar,42294,"(Silchar | 13033), (Katigorah | 21618), (Udharbond | 76), (Sonai | 7567)",17161,14538,10567,21,7
Cachar,63611,"(Katigorah | 37771), (Udharbond | 76), (Silchar | 13061), (Lakhipur | 0), (Sonai | 12703)",34255,15261,14039,42,14
Hojai,9667,"(Lanka | 0), (Doboka | 7437), (Hojai | 2230)",4772,3189,1704,2,0
Karimganj,531,"(Karimganj | 0), (Badarpur | 531)",286,168,53,24,0
Morigaon,45,"(Mayong | 0), (Morigaon | 45)",20,15,10,0,0
Nagaon,17664,"(Nagaon | 9290), (Raha | 1427), (Kampur | 6947)",8495,6228,2820,119,2
Dima-Hasao,268,(Haflong | 268),90,110,66,1,1
Cachar,62508,"(Katigorah | 33462), (Udharbond | 43), (Sonai | 10309), (Lakhipur | 0), (Silchar | 18694)",26394,21181,14878,38,17
Nagaon,20692,"(Kampur | 7102), (Raha | 1527), (Nagaon | 12063)",9838,7471,3235,146,2
Morigaon,105,"(Morigaon | 105), (Mayong | 0)",47,38,20,0,0
Karimganj,308,"(Karimganj | 0), (Badarpur | 308)",161,94,39,14,0
Hojai,6716,"(Lanka | 0), (Doboka | 6286), (Hojai | 430)",3131,2267,1317,1,0
Cachar,62478,"(Katigorah | 33475), (Silchar | 18694), (Udharbond | 0), (Sonai | 10309)",26372,21169,14869,47,21
Hojai,434,"(Doboka | 198), (Lanka | 0), (Hojai | 236)",231,150,52,1,0
Karimganj,24,"(Karimganj | 0), (Badarpur | 24)",7,4,10,3,0
Morigaon,105,"(Mayong | 0), (Morigaon | 105)",47,38,20,0,0
Dima-Hasao,621,(Haflong | 621),213,244,164,0,0
Hailakandi,238,(Algapur | 238),90,78,70,0,0
Nagaon,17812,"(Nagaon | 10865), (Kampur | 5387), (Raha | 1560)",8314,6389,2922,184,3
Cachar,54676,"(Katigorah | 29569), (Silchar | 16199), (Sonai | 8908)",23448,19020,12165,28,15
Dima-Hasao,211,(Haflong | 211),54,66,90,1,0
Hojai,198,"(Lanka | 0), (Hojai | 198)",113,63,22,0,0
Hailakandi,173,(Algapur | 173),80,65,28,0,0
Nagaon,17326,"(Kampur | 4833), (Nagaon | 10933), (Raha | 1560)",8183,6103,2867,171,2
Morigaon,105,"(Morigaon | 105), (Mayong | 0)",47,38,20,0,0
Karimganj,9,"(Karimganj | 0), (Badarpur | 9)",2,1,5,1,0
Nagaon,14569,"(Nagaon | 10933), (Kampur | 2045), (Raha | 1591)",6552,5263,2579,173,2
Morigaon,105,"(Mayong | 0), (Morigaon | 105)",47,38,20,0,0
Hailakandi,173,(Algapur | 173),80,65,28,0,0
Dima-Hasao,92,(Haflong | 92),24,28,35,4,1
Cachar,51897,"(Udharbond | 0), (Sonai | 6502), (Lakhipur | 0), (Silchar | 15826), (Katigorah | 29569)",22102,18446,11326,12,11
Nagaon,14353,"(Nagaon | 10718), (Kampur | 2044), (Raha | 1591)",6428,5203,2553,168,1
Cachar,47749,"(Silchar | 11678), (Katigorah | 29569), (Sonai | 6502), (Udharbond | 0)",20127,16877,10728,9,8
Dima-Hasao,64,(Haflong | 64),29,17,17,0,1
Hailakandi,18,(Algapur | 18),8,5,5,0,0
Morigaon,105,"(Morigaon | 105), (Mayong | 0)",47,38,20,0,0
Cachar,35415,"(Katigorah | 24676), (Lakhipur | 0), (Sonai | 458), (Silchar | 10281), (Udharbond | 0)",14449,13196,7756,7,7
Morigaon,105,"(Mayong | 0), (Morigaon | 105)",47,38,20,0,0
Nagaon,9031,"(Nagaon | 5489), (Raha | 1591), (Kampur | 1951)",4010,3199,1754,68,0
Cachar,26998,"(Lakhipur | 0), (Udharbond | 0), (Sonai | 458), (Katigorah | 18459), (Silchar | 8081)",11105,9930,5959,2,2
Nagaon,4542,"(Nagaon | 1148), (Raha | 1591), (Kampur | 1803)",1947,1648,940,7,0
Morigaon,105,"(Mayong | 0), (Morigaon | 105)",47,38,20,0,0
Nagaon,3546,"(Nagaon | 712), (Raha | 1413), (Kampur | 1421)",1521,1259,761,5,0
Morigaon,105,"(Mayong | 0), (Morigaon | 105)",47,38,20,0,0
Cachar,21721,"(Lakhipur | 0), (Sonai | 268), (Silchar | 6388), (Katigorah | 15065)",8918,8054,4749,0,0
Cachar,600,"(Silchar | 600), (Katigorah | 0)",280,175,145,0,0
Morigaon,26,(Morigaon | 26),8,6,12,0,0
Cachar,600,"(Silchar | 600), (Katigorah | 0)",280,175,145,0,0
Cachar,530,"(Katigorah | 0), (Silchar | 530)",270,150,110,0,0
Cachar,530,"(Katigorah | 0), (Silchar | 530)",270,150,110,0,0
Kamrup (M),617,"(Sonapur | 0), (Guwahati | 67), (Dispur | 550)",377,157,83,0,0
Bajali,155,(Bajali | 155),71,52,32,0,0
Baksa,91,"(Jalah | 0), (Baska | 0), (Barama | 91)",37,44,10,0,0
Kamrup (M),677,"(Guwahati | 67), (Dispur | 610)",166,337,174,0,0
Kokrajhar,301,"(Dotma | 0), (Bagribari | 0), (Kokrajhar | 301)",101,131,69,0,0
Udalguri,348,"(Khairabari | 0), (Mazbat | 0), (Kalaigaon | 0), (Harisinga | 0), (Udalguri | 348)",162,113,73,0,0
Nalbari,3372,"(Banekuchi | 0), (Barkhetri | 0), (Barbhag | 0), (Tihu | 0), (Nalbari | 2498), (Ghograpar | 264), (Paschim Nalbari | 610)",1541,1101,722,7,1
Kamrup (M),697,"(Sonapur | 0), (Chandrapur | 0), (Guwahati | 77), (Dispur | 620)",241,371,85,0,0
Kamrup,4732,"(Kayan | 4332), (Kamalpur | 0), (Palashbari | 0), (Boko | 0), (Hajo | 0), (Rangia | 400)",2142,1543,1027,20,0
Hojai,43033,"(Lanka | 0), (Hojai | 43033), (Doboka | 0)",22000,18000,3030,3,0
Goalpara,1630,"(Balijana | 1157), (Lakhipur | 473), (Rongjuli | 0)",776,453,374,15,12
Dhubri,853,"(Bilasipara | 648), (Chapar | 21), (Athani | 184)",321,352,180,0,0
Chirang,128,"(Bengtal | 0), (Sidli | 0), (Bijni | 128)",47,49,29,3,0
Bongaigaon,1148,"(Manikpur | 0), (Bongaigaon | 153), (Dangtol | 995)",480,431,235,2,0
Barpeta,186,"(Barnagar | 0), (Kalgachia | 0), (Sarthebari | 0), (Barpeta | 186)",95,47,44,0,0
Baksa,2304,"(Barnagar RC part | 0), (Jalah | 102), (Baganpara | 614), (Barama | 754), (Baska | 834)",937,883,482,1,1
Bajali,1349,"(Sarupeta | 0), (Bajali | 1349)",619,589,124,17,0
Dima-Hasao,1530,(Haflong | 1530),551,576,350,52,1
Tamulpur,188,"(Goreswar | 0), (Tamulpur | 188)",76,56,56,0,0
Kokrajhar,6833,"(Dotma | 0), (Bhawraguri | 1692), (Gossaigaon | 1917), (Kokrajhar | 3224)",2684,2324,1779,45,1
Bajali,2990,"(Sarupeta | 0), (Bajali | 2990)",1251,1392,325,22,0
Udalguri,1876,"(Khairabari | 0), (Harisinga | 0), (Udalguri | 1025), (Mazbat | 310), (Kalaigaon | 541)",776,573,503,24,0
Tinsukia,2165,"(Tinsukia | 0), (Doomdooma | 2165)",863,777,415,110,0
Tamulpur,1427,"(Tamulpur | 440), (Goreswar | 987)",402,400,625,0,0
Nalbari,15103,"(Banekuchi | 2329), (Barkhetri | 0), (Paschim Nalbari | 2815), (Nalbari | 3247), (Tihu | 6065), (Ghograpar | 281), (Barbhag | 366)",8284,4675,2059,69,16
Nagaon,924,"(Raha | 0), (Kampur | 924)",345,310,261,6,2
Kokrajhar,19579,"(Bagribari | 1516), (Kokrajhar | 5880), (Bhawraguri | 1692), (Gossaigaon | 2179), (Dotma | 8312)",7093,6625,5803,57,1
Kamrup (M),697,"(Chandrapur | 0), (Guwahati | 77), (Dispur | 620)",171,341,185,0,0
Kamrup,5301,"(Kayan | 4332), (Goroimari | 0), (Palashbari | 0), (Chaygaon | 0), (Kamalpur | 0), (Boko | 0), (North Ghy | 221), (Hajo | 0), (Rangia | 748)",2405,1774,1097,25,0
Sonitpur,66,"(Dhekiajuli | 0), (Naduar | 0), (Tezpur | 0), (Chariduar | 66)",30,21,15,0,0
Goalpara,5118,"(Balijana | 2563), (Dudhnoi | 0), (Rongjuli | 0), (Lakhipur | 1971), (Matia | 584)",2132,1635,1233,103,15
Hojai,29745,"(Lanka | 0), (Hojai | 27730), (Doboka | 2015)",16014,12297,1426,6,2
Barpeta,6112,"(Baghbar | 0), (Kalgachia | 0), (Barnagar | 0), (Chenga | 280), (Barpeta | 5294), (Sarthebari | 538)",2185,2144,1772,11,0
Bongaigaon,4441,"(Srijangram | 1569), (Manikpur | 582), (Bongaigaon | 153), (Boitamari | 480), (Dangtol | 1657)",2039,1593,699,110,0
Chirang,96,"(Sidli | 0), (Bengtal | 0), (Bijni | 96)",33,31,29,3,0
Baksa,1853,"(Baganpara | 0), (Barnagar RC part | 0), (Baska | 1469), (Barama | 314), (Jalah | 70)",642,753,442,8,8
Darrang,5085,"(Dalgaon | 0), (Sipajhar | 377), (Patharighat | 234), (Mangaldoi | 4474)",2043,1713,1327,1,1
Dhubri,4050,"(South Salmara Part | 0), (Athani | 318), (Bilasipara | 3509), (Agamoni | 0), (Chapar | 223)",1207,1756,1086,1,0
Dima-Hasao,1476,(Haflong | 1476),527,566,333,49,1
Bajali,5722,"(Bajali | 4060), (Sarupeta | 1662)",2418,2633,578,77,16
Barpeta,26537,"(Baghbar | 0), (Kalgachia | 0), (Chenga | 2311), (Barpeta | 23603), (Barnagar | 0), (Sarthebari | 623)",10608,8947,6959,22,1
Bongaigaon,4911,"(Bongaigaon | 0), (Dangtol | 0), (Srijangram | 3671), (Manikpur | 760), (Boitamari | 480)",2455,1889,520,47,0
Cachar,111,"(Silchar | 46), (Katigorah | 65), (Udharbond | 0), (Lakhipur | 0), (Sonai | 0)",49,36,26,0,0
Chirang,3603,"(Sidli | 0), (Bijni | 3440), (Bengtal | 163)",1597,1268,715,23,0
Darrang,7156,"(Dalgaon | 1670), (Mangaldoi | 4474), (Sipajhar | 511), (Patharighat | 501)",2655,2465,2011,24,1
Dhubri,7290,"(Dhubri | 0), (Gauripur | 0), (South Salmara Part | 0), (Bilasipara | 6545), (Athani | 503), (Golakganj | 66), (Chapar | 176)",2261,2893,2115,21,0
Dima-Hasao,1630,(Haflong | 1630),583,620,369,57,1
Goalpara,12132,"(Balijana | 5945), (Lakhipur | 5603), (Rongjuli | 0), (Matia | 584)",5336,4072,2588,116,20
Hojai,37785,"(Lanka | 0), (Hojai | 35404), (Doboka | 2381)",19881,17142,755,4,3
Baksa,1243,"(Jalah | 0), (Barnagar RC part | 0), (Baska | 964), (Baganpara | 75), (Barama | 204)",417,510,306,10,0
Kamrup,3714,"(Boko | 0), (Chaygaon | 0), (Kayan | 0), (Goroimari | 0), (Palashbari | 0), (Rangia | 2069), (Kamalpur | 588), (North Ghy | 174), (Hajo | 883)",2044,1145,511,14,0
Kokrajhar,11128,"(Bhawraguri | 89), (Gossaigaon | 736), (Dotma | 6451), (Kokrajhar | 1733), (Bagribari | 2119)",5197,4259,1560,100,12
Karimganj,28,"(Patherkandi | 12), (Karimganj | 0), (RK Nagar | 0), (Badarpur | 16)",8,8,11,1,0
Udalguri,5206,"(Khairabari | 0), (Udalguri | 1395), (Mazbat | 1710), (Kalaigaon | 1492), (Harisinga | 609)",2293,1787,945,181,0
Tinsukia,2123,(Doomdooma | 2123),863,777,415,68,0
Kamrup (M),87,"(Chandrapur | 0), (Sonapur | 0), (Guwahati | 77), (Azara | 0), (Dispur | 10)",42,26,19,0,0
Sonitpur,500,"(Chariduar | 0), (Dhekiajuli | 500), (Tezpur | 0)",155,222,122,1,0
Nalbari,18876,"(Tihu | 3602), (Banekuchi | 6447), (Barkhetri | 0), (Paschim Nalbari | 2836), (Barbhag | 999), (Ghograpar | 276), (Nalbari | 4716)",6709,7958,3917,246,46
Nagaon,4488,"(Kaliabor | 0), (Samaguri | 0), (Raha | 120), (Kampur | 1711), (Nagaon | 2657)",1681,1633,1156,15,3
Tamulpur,2095,"(Goreswar | 1167), (Tamulpur | 928)",607,612,873,3,0
Udalguri,3864,"(Khairabari | 0), (Mazbat | 412), (Udalguri | 1689), (Harisinga | 744), (Kalaigaon | 1019)",1629,1290,826,118,1
Tamulpur,2790,"(Goreswar | 1207), (Tamulpur | 1583)",813,797,1156,24,0
Sonitpur,617,"(Dhekiajuli | 500), (Chariduar | 117), (Naduar | 0), (Thelamara | 0), (Tezpur | 0)",221,252,138,6,0
Nalbari,29965,"(Tihu | 7562), (Banekuchi | 3645), (Paschim Nalbari | 10914), (Barkhetri | 0), (Barbhag | 1746), (Nalbari | 5500), (Ghograpar | 598)",13993,11542,3918,467,45
Nagaon,8715,"(Kaliabor | 0), (Samaguri | 0), (Kampur | 4021), (Raha | 296), (Nagaon | 4398)",3362,3056,2263,31,3
Kokrajhar,3416,"(Bhawraguri | 0), (Gossaigaon | 542), (Bagribari | 2125), (Kokrajhar | 483), (Dotma | 266)",1267,1169,953,23,4
Karimganj,10304,"(Nilambazar | 0), (RK Nagar | 0), (Badarpur | 959), (Patherkandi | 42), (Karimganj | 9303)",4162,4096,2045,1,0
Kamrup (M),42,"(Chandrapur | 0), (Dispur | 0), (Sonapur | 0), (Guwahati | 42)",25,10,7,0,0
Kamrup,6059,"(Goroimari | 0), (Kayan | 0), (Palashbari | 0), (Chamaria | 0), (Chaygaon | 0), (Kamalpur | 2454), (Rangia | 2015), (Hajo | 1060), (North Ghy | 530)",2928,1913,1200,17,1
Hailakandi,1323,"(Katlicherra | 0), (Lala | 0), (Hailakandi | 772), (Algapur | 551)",554,412,357,0,0
Goalpara,16754,"(Balijana | 6962), (Lakhipur | 9208), (Matia | 584), (Rongjuli | 0)",7529,5782,3264,148,31
Dima-Hasao,1628,(Haflong | 1628),583,620,369,55,1
Darrang,6777,"(Mangaldoi | 4474), (Dalgaon | 1670), (Sipajhar | 0), (Patharighat | 633)",2495,2330,1924,28,0
Chirang,3384,"(Sidli | 0), (Bengtal | 224), (Bijni | 3160)",1623,1197,546,18,0
Cachar,13259,"(Katigorah | 1962), (Silchar | 10468), (Lakhipur | 108), (Sonai | 677), (Udharbond | 44)",5570,4878,2809,0,2
Bongaigaon,8367,"(Boitamari | 586), (Srijangram | 7021), (Manikpur | 760)",3915,3358,1012,82,0
Barpeta,13178,"(Barpeta | 7253), (Kalgachia | 0), (Sarthebari | 2706), (Barnagar | 0), (Chenga | 1604), (Baghbar | 1615)",5528,5021,2494,116,19
Baksa,681,"(Baganpara | 0), (Barnagar RC part | 0), (Jalah | 0), (Barama | 305), (Baska | 376)",293,289,91,8,0
Bajali,6439,"(Sarupeta | 1662), (Bajali | 4777)",2718,2983,628,93,17
Hojai,39405,"(Lanka | 0), (Hojai | 35986), (Doboka | 3419)",20534,17781,1080,8,2
Dhubri,8234,"(Dhubri | 0), (Gauripur | 0), (South Salmara Part | 0), (Athani | 597), (Bilasipara | 7422), (Agamoni | 0), (Chapar | 149), (Golakganj | 66)",2366,3469,2379,20,0
Tinsukia,1223,(Doomdooma | 1223),540,400,263,20,0
Cachar,19433,"(Silchar | 10468), (Sonai | 1823), (Udharbond | 44), (Katigorah | 4463), (Lakhipur | 2635)",8364,7151,3915,1,2
Barpeta,62477,"(Barpeta | 55933), (Sarthebari | 2841), (Barnagar | 0), (Kalgachia | 0), (Chenga | 1180), (Baghbar | 2523)",15796,26614,19916,146,5
Bongaigaon,8430,"(Boitamari | 656), (Srijangram | 7021), (Manikpur | 753)",3889,3419,1033,89,0
Chirang,3831,"(Sidli | 0), (Bijni | 3090), (Bengtal | 741)",1693,1382,691,60,5
Darrang,5033,"(Mangaldoi | 1227), (Patharighat | 572), (Dalgaon | 1670), (Sipajhar | 1564)",1870,1915,1214,29,5
Dhubri,6990,"(Agamoni | 0), (Athani | 596), (Dhubri | 40), (Gauripur | 0), (Bilasipara | 6171), (Chapar | 117), (Golakganj | 66)",2168,2974,1828,20,0
Dima-Hasao,1609,(Haflong | 1609),568,601,383,56,1
Goalpara,19503,"(Balijana | 8622), (Matia | 1673), (Rongjuli | 0), (Lakhipur | 9208)",8509,6709,4084,175,26
Hailakandi,674,"(Lala | 0), (Hailakandi | 0), (Algapur | 429), (Katlicherra | 245)",330,175,153,16,0
Udalguri,3178,"(Khairabari | 0), (Mazbat | 280), (Udalguri | 1615), (Kalaigaon | 540), (Harisinga | 743)",1245,1246,592,95,0
Tinsukia,54,"(Tinsukia | 0), (Doomdooma | 54)",25,12,15,2,0
Tamulpur,2923,"(Tamulpur | 1512), (Goreswar | 1411)",927,923,1073,0,0
Sonitpur,287,"(Chariduar | 117), (Thelamara | 0), (Dhekiajuli | 170), (Tezpur | 0)",112,108,61,6,0
Nalbari,23200,"(Ghograpar | 0), (Tihu | 3192), (Paschim Nalbari | 10914), (Banekuchi | 1763), (Barkhetri | 85), (Barbhag | 1746), (Nalbari | 5500)",10422,9226,3245,284,23
Nagaon,12912,"(Samaguri | 0), (Rupahi | 0), (Dhing | 0), (Kaliabor | 0), (Nagaon | 7638), (Raha | 1135), (Kampur | 4139)",4820,4420,3550,110,12
Karimganj,10911,"(RK Nagar | 0), (Badarpur | 1523), (Karimganj | 9303), (Patherkandi | 85)",4413,4361,2134,3,0
Hojai,35383,"(Lanka | 0), (Hojai | 31964), (Doboka | 3419)",18894,15513,970,5,1
Kamrup,8973,"(Rangia | 2419), (Chamaria | 0), (Chaygaon | 0), (Kamalpur | 2450), (Goroimari | 0), (Palashbari | 0), (Hajo | 3387), (Kayan | 163), (North Ghy | 554)",3907,3216,1777,66,7
Baksa,277,"(Barnagar RC part | 0), (Jalah | 0), (Baska | 40), (Baganpara | 148), (Barama | 89)",98,133,44,2,0
Bajali,5718,"(Sarupeta | 1702), (Bajali | 4016)",2417,2644,571,77,9
Kamrup (M),23,"(Sonapur | 0), (Chandrapur | 0), (Azara | 0), (Dispur | 0), (Guwahati | 23)",9,11,3,0,0
Chirang,1310,"(Bijni | 569), (Bengtal | 741)",491,442,312,60,5
Bajali,2326,"(Sarupeta | 1702), (Bajali | 624)",988,1014,255,64,5
Baksa,69,"(Barnagar RC part | 0), (Baganpara | 0), (Baska | 0), (Jalah | 0), (Barama | 69)",30,36,3,0,0
Barpeta,88018,"(Barpeta | 82772), (Chenga | 1180), (Sarthebari | 2022), (Kalgachia | 0), (Barnagar | 0), (Baghbar | 2044)",31230,34449,22253,84,2
Bongaigaon,8776,"(Srijangram | 7061), (Manikpur | 1059), (Boitamari | 656)",4014,3545,1128,89,0
Cachar,24343,"(Silchar | 10468), (Lakhipur | 3250), (Sonai | 1940), (Udharbond | 70), (Katigorah | 8615)",10375,8776,5190,0,2
Darrang,4643,"(Dalgaon | 1670), (Patharighat | 0), (Mangaldoi | 1056), (Sipajhar | 1917)",1712,1676,1179,72,4
Dhubri,7068,"(Dhubri | 190), (Agamoni | 0), (Gauripur | 0), (Bilasipara | 6171), (South Salmara Part | 0), (Golakganj | 0), (Athani | 667), (Chapar | 40)",2195,3020,1853,0,0
Goalpara,33391,"(Matia | 1431), (Balijana | 22020), (Lakhipur | 9940), (Dudhnoi | 0), (Rongjuli | 0)",13488,11262,8441,178,22
Hailakandi,245,"(Algapur | 0), (Hailakandi | 0), (Lala | 0), (Katlicherra | 245)",135,23,72,15,0
Hojai,25965,"(Hojai | 22546), (Lanka | 0), (Doboka | 3419)",14174,10832,951,6,2
Kamrup,12569,"(Rangia | 2960), (Goroimari | 0), (Kayan | 1597), (Palashbari | 0), (Nagarbera | 0), (Chaygaon | 0), (Kamalpur | 3053), (Chamaria | 0), (Hajo | 3013), (North Ghy | 1946)",5681,4617,2188,73,10
Karimganj,11309,"(Nilambazar | 0), (RK Nagar | 0), (Badarpur | 1630), (Patherkandi | 85), (Karimganj | 9594)",4584,4488,2234,3,0
Nagaon,15188,"(Kaliabor | 0), (Rupahi | 0), (Dhing | 0), (Samaguri | 0), (Nagaon | 8508), (Kampur | 4980), (Raha | 1700)",5790,5311,3934,140,13
Dima-Hasao,1663,(Haflong | 1663),588,618,400,56,1
Nalbari,21121,"(Ghograpar | 0), (Banekuchi | 1503), (Tihu | 1248), (Barbhag | 1746), (Paschim Nalbari | 10914), (Nalbari | 5500), (Barkhetri | 210)",9374,8471,2967,291,18
Sonitpur,170,"(Chariduar | 0), (Naduar | 0), (Thelamara | 0), (Dhekiajuli | 170), (Tezpur | 0)",46,78,40,6,0
Tamulpur,2307,"(Goreswar | 1121), (Tamulpur | 1186)",813,777,690,27,0
Udalguri,1674,"(Mazbat | 430), (Khairabari | 0), (Udalguri | 738), (Harisinga | 454), (Kalaigaon | 52)",724,681,262,7,0
Dhubri,5483,"(Dhubri | 1887), (Bilasipara | 3292), (Golakganj | 0), (South Salmara Part | 0), (Athani | 304), (Gauripur | 0), (Chapar | 0), (Agamoni | 0)",1767,2333,1383,0,0
Sonitpur,170,"(Thelamara | 0), (Tezpur | 0), (Dhekiajuli | 170)",46,78,40,6,0
Nalbari,13615,"(Tihu | 565), (Paschim Nalbari | 10177), (Barbhag | 1800), (Banekuchi | 643), (Nalbari | 220), (Barkhetri | 210)",6302,5585,1608,105,15
Nagaon,16422,"(Kaliabor | 0), (Rupahi | 0), (Dhing | 0), (Samaguri | 0), (Nagaon | 9744), (Kampur | 4980), (Raha | 1698)",6280,5750,4241,140,11
Morigaon,175,"(Mayong | 0), (Bhuragaon | 0), (Laharighat | 0), (Mikirbheta | 0), (Morigaon | 175)",67,75,33,0,0
Karimganj,20595,"(Badarpur | 2522), (RK Nagar | 0), (Karimganj | 17888), (Patherkandi | 185)",7764,6653,6165,13,0
Kamrup,9313,"(Rangia | 2421), (Kamalpur | 3053), (Kayan | 1597), (Chaygaon | 0), (Nagarbera | 0), (Chamaria | 0), (Palashbari | 0), (Goroimari | 0), (North Ghy | 2192), (Hajo | 50)",3996,3412,1843,59,3
Hojai,13536,"(Hojai | 10117), (Lanka | 0), (Doboka | 3419)",8151,4530,851,4,0
Hailakandi,1051,"(Algapur | 0), (Katlicherra | 0), (Hailakandi | 716), (Lala | 335)",351,360,335,5,0
Goalpara,33363,"(Matia | 1708), (Lakhipur | 14048), (Rongjuli | 0), (Balijana | 17607), (Dudhnoi | 0)",13447,10936,8796,169,15
Tamulpur,518,"(Goreswar | 212), (Tamulpur | 306)",190,162,162,4,0
Darrang,3568,"(Patharighat | 0), (Sipajhar | 865), (Mangaldoi | 1056), (Dalgaon | 1647)",1308,1236,1016,4,4
Bongaigaon,4479,"(Srijangram | 2526), (Boitamari | 656), (Manikpur | 1297)",1660,1519,1223,77,0
Barpeta,107532,"(Baghbar | 2594), (Barpeta | 101244), (Sarthebari | 2514), (Kalgachia | 0), (Barnagar | 0), (Chenga | 1180)",34717,35817,36905,90,3
Baksa,56,"(Barnagar RC part | 0), (Baganpara | 0), (Barama | 56)",24,29,3,0,0
Bajali,1853,"(Sarupeta | 1788), (Bajali | 65)",761,775,260,52,5
Udalguri,1890,"(Mazbat | 820), (Khairabari | 0), (Harisinga | 408), (Udalguri | 625), (Kalaigaon | 37)",855,741,287,7,0
South Salmara,472,"(South Salmara | 0), (Mankachar | 472)",182,124,141,25,0
Cachar,33766,"(Katigorah | 8615), (Lakhipur | 3415), (Silchar | 19704), (Sonai | 1938), (Udharbond | 94)",14059,11775,7928,0,4
Chirang,1363,"(Sidli | 0), (Bijni | 622), (Bengtal | 741)",466,507,322,63,5
Dima-Hasao,1905,(Haflong | 1905),679,725,436,57,8
Dima-Hasao,1905,(Haflong | 1905),679,725,433,60,8
Dhubri,3396,"(Bilasipara | 1509), (Dhubri | 1887), (South Salmara Part | 0), (Athani | 0), (Golakganj | 0), (Gauripur | 0), (Agamoni | 0), (Chapar | 0)",1161,1430,804,1,0
Cachar,71977,"(Katigorah | 8985), (Silchar | 22549), (Sonai | 36916), (Lakhipur | 3415), (Udharbond | 112)",29430,25159,17377,4,7
Goalpara,22983,"(Matia | 1443), (Lakhipur | 14476), (Balijana | 7064), (Rongjuli | 0)",9879,7259,5716,118,11
Chirang,818,"(Bijni | 561), (Bengtal | 257)",275,335,204,4,0
Bongaigaon,2233,"(Srijangram | 366), (Boitamari | 656), (Manikpur | 1211)",913,757,552,11,0
Bajali,2170,"(Sarupeta | 2122), (Bajali | 48)",906,938,273,52,1
Hailakandi,821,"(Algapur | 280), (Katlicherra | 0), (Hailakandi | 204), (Lala | 337)",361,290,165,5,0
Darrang,3813,"(Sipajhar | 1409), (Patharighat | 0), (Mangaldoi | 734), (Dalgaon | 1670)",1390,1356,1038,26,3
Sonitpur,170,"(Thelamara | 0), (Tezpur | 0), (Dhekiajuli | 170)",46,78,40,6,0
Nalbari,12252,"(Ghograpar | 0), (Paschim Nalbari | 10086), (Barbhag | 1550), (Tihu | 173), (Nalbari | 250), (Barkhetri | 193)",5652,5123,1367,101,9
Nagaon,17675,"(Dhing | 0), (Rupahi | 0), (Samaguri | 0), (Nagaon | 11185), (Kampur | 4980), (Raha | 1510)",7018,6428,4094,129,6
Morigaon,175,"(Bhuragaon | 0), (Morigaon | 175), (Mayong | 0), (Mikirbheta | 0)",67,75,33,0,0
Karimganj,19634,"(Nilambazar | 357), (RK Nagar | 0), (Badarpur | 2522), (Karimganj | 16570), (Patherkandi | 185)",8055,7075,4491,13,0
South Salmara,432,"(South Salmara | 0), (Mankachar | 432)",164,126,121,21,0
Tamulpur,993,"(Goreswar | 888), (Tamulpur | 105)",238,269,484,2,0
Udalguri,1025,"(Harisinga | 0), (Khairabari | 0), (Mazbat | 400), (Kalaigaon | 0), (Udalguri | 625)",443,365,210,7,0
Kamrup,4919,"(Rangia | 510), (Palashbari | 0), (Hajo | 167), (Chaygaon | 0), (Nagarbera | 0), (Kayan | 524), (Chamaria | 0), (Goroimari | 0), (Kamalpur | 1607), (North Ghy | 2111)",1765,1938,1197,19,0
Hojai,6949,"(Hojai | 4162), (Lanka | 0), (Doboka | 2787)",3882,2521,544,2,0
Barpeta,110535,"(Barpeta | 101245), (Baghbar | 3222), (Chenga | 3554), (Barnagar | 0), (Sarthebari | 2514), (Kalgachia | 0)",35893,36513,37789,337,3
Udalguri,302,"(Khairabari | 0), (Harisinga | 0), (Mazbat | 0), (Kalaigaon | 0), (Udalguri | 302)",133,117,52,0,0
Dhubri,2779,"(Bilasipara | 1377), (Gauripur | 0), (Athani | 0), (South Salmara Part | 0), (Agamoni | 0), (Dhubri | 1402)",911,1196,672,0,0
Barpeta,95631,"(Barpeta | 80745), (Baghbar | 11044), (Barnagar | 0), (Kalgachia | 0), (Chenga | 3554), (Sarthebari | 288)",32084,33696,29502,339,10
Dima-Hasao,1922,(Haflong | 1922),691,737,437,54,3
Cachar,107322,"(Katigorah | 44183), (Lakhipur | 3415), (Silchar | 22545), (Sonai | 37063), (Udharbond | 116)",41525,38251,27544,0,2
Goalpara,8707,"(Matia | 1443), (Lakhipur | 3791), (Balijana | 3473), (Rongjuli | 0)",3934,3068,1651,46,8
Hailakandi,810,"(Katlicherra | 0), (Lala | 0), (Algapur | 0), (Hailakandi | 810)",299,243,268,0,0
Darrang,1386,"(Sipajhar | 672), (Patharighat | 0), (Dalgaon | 0), (Mangaldoi | 714)",420,599,362,3,2
Hojai,3392,"(Hojai | 1728), (Lanka | 0), (Doboka | 1664)",1860,1208,313,10,1
Kamrup,3118,"(Rangia | 537), (Hajo | 0), (Palashbari | 0), (Chamaria | 0), (Chaygaon | 0), (Kamalpur | 718), (Nagarbera | 0), (Goroimari | 0), (Kayan | 258), (North Ghy | 1605)",1204,1293,602,19,0
Karimganj,13885,"(RK Nagar | 0), (Badarpur | 2485), (Nilambazar | 357), (Patherkandi | 185), (Karimganj | 10858)",5608,5311,2954,12,0
Morigaon,175,"(Bhuragaon | 0), (Morigaon | 175), (Mikirbheta | 0), (Mayong | 0)",67,73,33,2,0
Nagaon,17950,"(Rupahi | 0), (Samaguri | 0), (Kampur | 4980), (Nagaon | 11460), (Raha | 1510)",7200,6535,4080,129,6
Nalbari,5274,"(Paschim Nalbari | 4291), (Barbhag | 730), (Tihu | 83), (Barkhetri | 0), (Nalbari | 170)",2383,1922,945,22,2
Sonitpur,170,"(Thelamara | 0), (Dhekiajuli | 170), (Tezpur | 0)",46,78,40,6,0
South Salmara,410,"(South Salmara | 0), (Mankachar | 410)",152,121,117,20,0
Tamulpur,25,(Tamulpur | 25),11,10,4,0,0
Chirang,543,(Bijni | 543),182,231,127,3,0
Bongaigaon,147,"(Manikpur | 0), (Srijangram | 147)",60,71,16,0,0
Bajali,1840,"(Sarupeta | 1808), (Bajali | 32)",751,792,245,51,1
Sonitpur,170,"(Thelamara | 0), (Dhekiajuli | 170)",46,78,40,6,0
Karimganj,14414,"(RK Nagar | 0), (Nilambazar | 463), (Badarpur | 2171), (Patherkandi | 185), (Karimganj | 11595)",5791,5466,3147,10,0
Cachar,109868,"(Lakhipur | 3415), (Katigorah | 44183), (Udharbond | 61), (Sonai | 37061), (Silchar | 25148)",42103,38830,28935,0,0
Kamrup,2785,"(Palashbari | 0), (Hajo | 0), (Rangia | 324), (Nagarbera | 0), (Chamaria | 0), (Chaygaon | 0), (Kamalpur | 867), (North Ghy | 1547), (Kayan | 47)",1100,1189,487,9,0
Morigaon,175,"(Mikirbheta | 0), (Mayong | 0), (Bhuragaon | 0), (Morigaon | 175)",67,73,33,2,0
Hojai,817,"(Hojai | 707), (Lanka | 0), (Doboka | 110)",504,240,69,3,1
Nagaon,19618,"(Dhing | 0), (Kampur | 4980), (Nagaon | 13128), (Raha | 1510)",7509,6853,5121,129,6
Goalpara,4995,"(Lakhipur | 2569), (Matia | 0), (Balijana | 2426), (Rongjuli | 0)",2293,1891,784,21,6
Nalbari,4567,"(Paschim Nalbari | 3634), (Tihu | 83), (Barbhag | 650), (Nalbari | 200)",2148,1768,649,1,1
Tamulpur,185,"(Goreswar | 160), (Tamulpur | 25)",96,60,29,0,0
South Salmara,404,"(South Salmara | 0), (Mankachar | 404)",150,119,115,20,0
Bajali,41,"(Sarupeta | 41), (Bajali | 0)",13,11,10,6,1
Hailakandi,717,"(Algapur | 0), (Hailakandi | 717)",285,175,257,0,0
Dima-Hasao,1821,(Haflong | 1821),652,693,409,60,7
Chirang,543,(Bijni | 543),182,231,127,3,0
Darrang,2353,"(Dalgaon | 0), (Patharighat | 0), (Sipajhar | 672), (Mangaldoi | 1681)",790,978,542,25,18
Barpeta,69798,"(Barpeta | 56492), (Barnagar | 0), (Baghbar | 10444), (Kalgachia | 0), (Chenga | 2862), (Sarthebari | 0)",16269,25998,27303,220,8
South Salmara,235,"(South Salmara | 0), (Mankachar | 235)",94,74,64,3,0
Sonitpur,170,(Dhekiajuli | 170),46,78,40,6,0
Dima-Hasao,1702,(Haflong | 1702),614,666,357,57,8
Darrang,1572,"(Dalgaon | 0), (Patharighat | 0), (Mangaldoi | 895), (Sipajhar | 677)",466,693,376,20,17
Hailakandi,2237,"(Hailakandi | 0), (Lala | 0), (Algapur | 2237)",1070,745,414,8,0
Cachar,109623,"(Silchar | 25223), (Sonai | 38448), (Katigorah | 44229), (Udharbond | 0), (Lakhipur | 1723)",41881,38783,28818,141,0
Barpeta,57958,"(Barpeta | 44973), (Barnagar | 0), (Kalgachia | 0), (Baghbar | 10479), (Sarthebari | 0), (Chenga | 2506)",16141,19730,21929,150,8
Chirang,543,(Bijni | 543),182,231,127,3,0
Goalpara,3293,"(Matia | 0), (Rongjuli | 0), (Lakhipur | 2459), (Balijana | 834)",1568,1281,421,19,4
Nalbari,3798,"(Paschim Nalbari | 3634), (Barbhag | 81), (Tihu | 83)",1815,1479,502,1,1
Nagaon,20051,"(Raha | 1591), (Nagaon | 13480), (Kampur | 4980)",7712,7010,5191,132,6
Morigaon,177,"(Mikirbheta | 0), (Mayong | 0), (Morigaon | 177), (Bhuragaon | 0)",67,75,33,2,0
Karimganj,13461,"(Badarpur | 1395), (Nilambazar | 413), (Patherkandi | 118), (RK Nagar | 0), (Karimganj | 11535)",5140,5153,3160,8,0
Kamrup,1903,"(Chamaria | 0), (Hajo | 0), (Palashbari | 0), (Kamalpur | 253), (Chaygaon | 0), (Rangia | 175), (Kayan | 59), (North Ghy | 1416)",732,826,326,19,0
Hojai,220,"(Hojai | 220), (Lanka | 0), (Doboka | 0)",111,75,29,4,1
Tamulpur,161,(Goreswar | 161),85,50,26,0,0
Udalguri,309,"(Mazbat | 0), (Kalaigaon | 0), (Harisinga | 0), (Khairabari | 0), (Udalguri | 309)",128,114,65,1,1
Hailakandi,366,"(Algapur | 0), (Lala | 0), (Hailakandi | 366)",141,127,98,0,0
Cachar,109624,"(Sonai | 38448), (Udharbond | 0), (Silchar | 25223), (Lakhipur | 1724), (Katigorah | 44229)",41881,38783,28818,142,0
Chirang,593,"(Bengtal | 0), (Sidli | 0), (Bijni | 593)",201,255,134,3,0
Udalguri,309,"(Kalaigaon | 0), (Harisinga | 0), (Khairabari | 0), (Udalguri | 309)",128,114,65,1,1
Tamulpur,102,(Goreswar | 102),40,41,21,0,0
Sonitpur,170,(Dhekiajuli | 170),46,78,40,6,0
Nalbari,470,"(Paschim Nalbari | 438), (Barbhag | 32)",217,160,93,0,0
Nagaon,20296,"(Nagaon | 13725), (Kampur | 4980), (Raha | 1591)",7846,7144,5168,132,6
Morigaon,175,"(Mikirbheta | 0), (Bhuragaon | 0), (Mayong | 0), (Morigaon | 175)",67,73,33,2,0
Karimganj,9885,"(Nilambazar | 413), (Badarpur | 1265), (RK Nagar | 0), (Patherkandi | 118), (Karimganj | 8089)",4296,3374,2207,8,0
Kamrup,4920,"(Rangia | 0), (Hajo | 3238), (Chamaria | 0), (Kamalpur | 253), (Kayan | 40), (North Ghy | 1389)",2334,1973,606,7,0
Barpeta,39541,"(Baghbar | 5984), (Sarthebari | 0), (Barpeta | 31273), (Chenga | 2284), (Kalgachia | 0), (Barnagar | 0)",10417,14039,14965,112,8
Darrang,1572,"(Dalgaon | 0), (Patharighat | 0), (Mangaldoi | 895), (Sipajhar | 677)",466,693,376,20,17
Goalpara,1747,"(Matia | 0), (Balijana | 0), (Lakhipur | 1747)",978,667,98,2,2
Dima-Hasao,1424,(Haflong | 1424),505,554,310,54,1
Nalbari,147,"(Paschim Nalbari | 115), (Barbhag | 32)",67,57,23,0,0
Dhemaji,191,"(Sissiborgaon | 0), (Jonai | 0), (Dhemaji | 191)",41,23,106,21,0
Dima-Hasao,1425,(Haflong | 1425),501,549,319,55,1
Goalpara,1747,"(Balijana | 0), (Lakhipur | 1747)",978,667,98,2,2
Hailakandi,246,"(Lala | 0), (Hailakandi | 246), (Katlicherra | 0), (Algapur | 0)",73,62,111,0,0
Hojai,564,(Hojai | 564),306,201,51,6,0
Kamrup,3301,"(Rangia | 0), (Chamaria | 0), (Kamalpur | 253), (Hajo | 2363), (North Ghy | 645), (Kayan | 40)",1540,1242,519,0,0
Cachar,118242,"(Katigorah | 44238), (Sonai | 45093), (Udharbond | 0), (Silchar | 25223), (Lakhipur | 3688)",44996,41773,31273,200,0
Biswanath,161,"(Halem | 56), (Biswanath | 0), (Gohpur | 105)",68,60,28,5,0
Barpeta,13959,"(Barpeta | 7135), (Baghbar | 4715), (Kalgachia | 0), (Chenga | 2109), (Sarthebari | 0)",3811,5402,4656,82,8
Bajali,1123,"(Sarupeta | 1123), (Bajali | 0)",430,442,195,55,1
Karimganj,10574,"(Nilambazar | 413), (Badarpur | 1265), (Patherkandi | 118), (Karimganj | 8089), (RK Nagar | 689)",4404,3682,2480,8,0
Morigaon,175,"(Mikirbheta | 0), (Mayong | 0), (Bhuragaon | 0), (Morigaon | 175)",67,73,33,2,0
Nagaon,20251,"(Nagaon | 13680), (Raha | 1591), (Kampur | 4980)",7756,7072,5284,132,7
Darrang,1385,"(Mangaldoi | 779), (Dalgaon | 0), (Sipajhar | 606), (Patharighat | 0)",408,646,296,20,15
Chirang,2129,"(Sidli | 0), (Bijni | 1892), (Bengtal | 237)",945,860,320,4,0
Sonitpur,170,(Dhekiajuli | 170),46,78,40,6,0
Tamulpur,102,(Goreswar | 102),40,41,21,0,0
Udalguri,309,"(Harisinga | 0), (Khairabari | 0), (Kalaigaon | 0), (Udalguri | 309)",128,114,65,1,1
Dhemaji,207,"(Sissiborgaon | 0), (Gogamukh | 0), (Jonai | 0), (Dhemaji | 207)",52,27,106,21,1
Nagaon,20987,"(Samaguri | 0), (Kampur | 4980), (Nagaon | 14416), (Raha | 1591)",8336,7072,5436,132,11
Nalbari,77,"(Paschim Nalbari | 45), (Barbhag | 32)",34,31,12,0,0
Sonitpur,170,(Dhekiajuli | 170),46,78,40,6,0
Tamulpur,102,"(Tamulpur | 0), (Goreswar | 102)",40,41,21,0,0
Tinsukia,118,"(Sadiya | 0), (Tinsukia | 0), (Doomdooma | 118)",43,31,33,11,0
Bajali,1260,"(Sarupeta | 1260), (Bajali | 0)",535,475,195,55,0
Darrang,871,"(Mangaldoi | 265), (Patharighat | 0), (Dalgaon | 0), (Sipajhar | 606)",233,453,170,10,5
Kamrup,2938,"(Rangia | 0), (Hajo | 2363), (Chamaria | 0), (Nagarbera | 0), (Kayan | 40), (North Ghy | 535)",1371,1153,414,0,0
Udalguri,309,"(Harisinga | 0), (Khairabari | 0), (Kalaigaon | 0), (Udalguri | 309)",128,114,65,1,1
Barpeta,11870,"(Barpeta | 6830), (Baghbar | 3023), (Chenga | 2017), (Kalgachia | 0), (Sarthebari | 0)",3012,4690,4098,64,6
Biswanath,631,"(Biswanath | 0), (Halem | 390), (Gohpur | 241)",255,275,87,14,0
Cachar,257821,"(Silchar | 168398), (Lakhipur | 2858), (Sonai | 42327), (Katigorah | 44238), (Udharbond | 0)",98307,95917,63394,200,3
Morigaon,175,"(Mikirbheta | 0), (Mayong | 0), (Morigaon | 175), (Bhuragaon | 0)",67,73,33,2,0
Lakhimpur,893,"(Bihpuria | 0), (Dhakuakhana | 0), (Nowboicha | 0), (Subansiri | 0), (North Lakhimpur | 0), (Kadam | 0), (Narayanpur | 893)",395,321,177,0,0
Karimganj,10573,"(Nilambazar | 413), (Badarpur | 1265), (Patherkandi | 0), (Karimganj | 8089), (RK Nagar | 806)",4484,3673,2401,12,3
Chirang,1179,"(Bijni | 942), (Bengtal | 237)",465,470,240,4,0
Hojai,474,"(Lanka | 0), (Hojai | 474)",271,142,58,3,0
Dima-Hasao,1430,(Haflong | 1430),503,554,317,55,1
Udalguri,271,"(Harisinga | 0), (Kalaigaon | 0), (Udalguri | 271)",120,110,40,0,1
Bajali,1005,"(Sarupeta | 1005), (Bajali | 0)",435,375,140,55,0
Barpeta,7534,"(Barpeta | 5659), (Baghbar | 983), (Chenga | 827), (Kalgachia | 0), (Sarthebari | 65)",2051,2769,2676,34,4
Cachar,257838,"(Udharbond | 0), (Silchar | 168398), (Katigorah | 44238), (Sonai | 42324), (Lakhipur | 2878)",98307,95937,63394,200,0
Tamulpur,102,(Goreswar | 102),40,41,21,0,0
Nalbari,64,"(Paschim Nalbari | 45), (Barbhag | 19)",29,25,9,1,0
Nagaon,20987,"(Kaliabor | 0), (Samaguri | 0), (Nagaon | 14416), (Raha | 1591), (Kampur | 4980)",8381,7027,5436,132,11
Morigaon,175,"(Mikirbheta | 0), (Bhuragaon | 0), (Morigaon | 175), (Mayong | 0)",67,73,33,2,0
Biswanath,44,"(Biswanath | 0), (Gohpur | 0), (Halem | 44)",14,21,9,0,0
Karimganj,11077,"(Nilambazar | 413), (Badarpur | 1013), (Karimganj | 8089), (RK Nagar | 1562)",4632,3848,2582,12,3
Kamrup,1785,"(Nagarbera | 0), (Chamaria | 0), (Hajo | 1210), (Kayan | 40), (North Ghy | 535)",874,741,170,0,0
Hojai,382,"(Hojai | 382), (Lanka | 0)",201,131,47,3,0
Hailakandi,78,"(Algapur | 0), (Lala | 0), (Katlicherra | 0), (Hailakandi | 78)",32,21,25,0,0
Dima-Hasao,1432,(Haflong | 1432),502,557,319,53,1
Dhemaji,279,"(Sissiborgaon | 0), (Gogamukh | 0), (Jonai | 0), (Dhemaji | 279)",62,111,84,21,1
Darrang,787,"(Dalgaon | 0), (Patharighat | 0), (Mangaldoi | 265), (Sipajhar | 522)",212,390,170,10,5
Chirang,863,"(Bengtal | 237), (Bijni | 626)",302,342,215,4,0
Tinsukia,361,"(Sadiya | 0), (Doomdooma | 158), (Tinsukia | 203)",108,124,117,12,0
Lakhimpur,501,"(Dhakuakhana | 0), (Bihpuria | 0), (North Lakhimpur | 0), (Kadam | 0), (Nowboicha | 0), (Subansiri | 95), (Narayanpur | 406)",152,239,100,10,0
Bajali,1280,"(Sarupeta | 1280), (Bajali | 0)",455,515,255,55,0
Tamulpur,102,(Goreswar | 102),40,41,21,0,0
Cachar,235661,"(Sonai | 20450), (Katigorah | 44238), (Silchar | 168398), (Lakhipur | 2575), (Udharbond | 0)",89412,88167,57952,130,0
Chirang,648,"(Bengtal | 0), (Bijni | 648)",230,258,158,2,0
Tinsukia,366,"(Sadiya | 0), (Tinsukia | 209), (Doomdooma | 157)",112,125,116,12,1
Nalbari,64,"(Barbhag | 19), (Paschim Nalbari | 45)",29,25,9,1,0
Darrang,522,"(Mangaldoi | 0), (Dalgaon | 0), (Patharighat | 0), (Sipajhar | 522)",92,310,120,0,0
Nagaon,15017,"(Kaliabor | 0), (Samaguri | 0), (Rupahi | 0), (Kampur | 4980), (Raha | 1591), (Nagaon | 8446)",5651,5181,4042,132,11
Biswanath,44,"(Gohpur | 0), (Halem | 44)",14,21,9,0,0
Dhemaji,394,"(Gogamukh | 0), (Jonai | 0), (Sissiborgaon | 0), (Dhemaji | 394)",210,92,71,21,0
Morigaon,28352,"(Morigaon | 23931), (Mikirbheta | 928), (Bhuragaon | 2915), (Mayong | 578)",10465,9691,8162,34,0
Lakhimpur,317,"(Dhakuakhana | 0), (Bihpuria | 0), (Kadam | 0), (Nowboicha | 0), (North Lakhimpur | 0), (Narayanpur | 222), (Subansiri | 95)",90,129,97,1,0
Karimganj,8096,"(Nilambazar | 413), (Badarpur | 952), (Patherkandi | 0), (RK Nagar | 1069), (Karimganj | 5662)",2894,2187,3000,12,3
Kamrup,1095,"(Nagarbera | 0), (Chamaria | 0), (Hajo | 810), (Kayan | 40), (North Ghy | 245)",501,371,223,0,0
Hojai,295,"(Lanka | 0), (Hojai | 295)",174,88,31,2,0
Hailakandi,5862,"(Lala | 0), (Algapur | 3497), (Katlicherra | 0), (Hailakandi | 2365)",2749,2046,1058,9,0
Dibrugarh,184,"(Chabua | 0), (Tengakhat | 0), (Naharkatia | 0), (Moran | 0), (Dibrugarh West | 0), (Tingkhong | 0), (Dibrugarh East | 184)",92,62,30,0,0
Udalguri,214,"(Khairabari | 0), (Harisinga | 0), (Kalaigaon | 0), (Udalguri | 214)",86,70,58,0,0
Dima-Hasao,1382,(Haflong | 1382),502,507,319,53,1
Barpeta,3589,"(Barpeta | 3253), (Sarthebari | 0), (Kalgachia | 0), (Chenga | 336)",934,1228,1409,16,2
Dibrugarh,203,"(Chabua | 0), (Moran | 0), (Dibrugarh West | 0), (Naharkatia | 0), (Tengakhat | 0), (Tingkhong | 0), (Dibrugarh East | 203)",101,80,22,0,0
Dima-Hasao,1421,(Haflong | 1421),509,546,314,51,1
Udalguri,309,"(Khairabari | 0), (Harisinga | 0), (Kalaigaon | 0), (Udalguri | 309)",128,115,65,0,1
Tinsukia,358,"(Margherita | 0), (Tinsukia | 203), (Doomdooma | 155)",121,120,104,12,1
Bajali,1280,"(Bajali | 0), (Sarupeta | 1280)",455,515,255,55,0
Tamulpur,102,(Goreswar | 102),40,41,21,0,0
Nalbari,26,(Paschim Nalbari | 26),12,9,5,0,0
Biswanath,44,"(Gohpur | 0), (Halem | 44)",14,21,9,0,0
Barpeta,3407,"(Barpeta | 3249), (Baghbar | 0), (Kalgachia | 0), (Chenga | 158), (Sarthebari | 0)",822,1190,1393,2,0
Nagaon,12922,"(Kaliabor | 0), (Samaguri | 0), (Rupahi | 0), (Nagaon | 6351), (Kampur | 4980), (Raha | 1591)",4828,4436,3515,132,11
Morigaon,5107,"(Mikirbheta | 928), (Morigaon | 482), (Mayong | 0), (Laharighat | 0), (Bhuragaon | 3697)",1867,1808,1381,51,0
Karimganj,5842,"(Nilambazar | 368), (Badarpur | 824), (Patherkandi | 0), (Karimganj | 3770), (RK Nagar | 880)",2645,1617,1580,0,0
Kamrup,965,"(Chamaria | 0), (Hajo | 752), (North Ghy | 175), (Kayan | 38)",467,328,170,0,0
Hojai,408,"(Lanka | 0), (Hojai | 408)",225,131,49,3,0
Hailakandi,2136,"(Katlicherra | 0), (Lala | 0), (Hailakandi | 0), (Algapur | 2136)",1135,674,320,7,0
Chirang,648,(Bijni | 648),230,258,158,2,0
Cachar,242157,"(Udharbond | 0), (Silchar | 143368), (Sonai | 20450), (Lakhipur | 2075), (Katigorah | 76264)",107755,74206,60096,100,0
Bajali,1280,(Sarupeta | 1280),455,515,255,55,0
Tinsukia,54,"(Tinsukia | 40), (Doomdooma | 14)",17,25,12,0,0
Udalguri,309,"(Khairabari | 0), (Harisinga | 0), (Kalaigaon | 0), (Udalguri | 309)",128,115,65,0,1
Hailakandi,1996,"(Lala | 0), (Algapur | 1996), (Katlicherra | 0), (Hailakandi | 0)",875,730,385,6,0
Karimganj,4562,"(Nilambazar | 368), (Badarpur | 727), (RK Nagar | 892), (Karimganj | 2575)",2083,1267,1200,12,0
Dima-Hasao,1409,(Haflong | 1409),502,546,308,52,1
Kamrup,692,"(North Ghy | 115), (Kayan | 38), (Hajo | 539)",312,264,116,0,0
Nagaon,12177,"(Samaguri | 0), (Rupahi | 0), (Nagaon | 5606), (Raha | 1591), (Kampur | 4980)",4578,4191,3294,107,7
Morigaon,25836,"(Mikirbheta | 0), (Mayong | 0), (Morigaon | 21817), (Laharighat | 0), (Bhuragaon | 4019)",11715,10738,3327,56,0
Chirang,580,(Bijni | 580),206,235,136,3,0
Cachar,225569,"(Katigorah | 76249), (Lakhipur | 2075), (Udharbond | 0), (Sonai | 16897), (Silchar | 130348)",101726,68346,55432,65,0
Barpeta,2887,"(Barpeta | 2784), (Kalgachia | 0), (Chenga | 103), (Baghbar | 0)",568,1178,1139,2,0
Nalbari,26,(Paschim Nalbari | 26),12,9,5,0,0
Tamulpur,102,(Goreswar | 102),40,41,21,0,0
Dibrugarh,215,"(Dibrugarh West | 0), (Moran | 0), (Chabua | 0), (Naharkatia | 0), (Tingkhong | 0), (Tengakhat | 0), (Dibrugarh East | 215)",106,88,21,0,0
Hojai,366,"(Lanka | 0), (Hojai | 366)",201,121,41,3,0
Udalguri,309,"(Harisinga | 0), (Kalaigaon | 0), (Udalguri | 309)",128,115,65,0,1
Nagaon,11260,"(Samaguri | 0), (Nagaon | 4689), (Kampur | 4980), (Raha | 1591)",4195,3838,3113,107,7
Tamulpur,102,"(Tamulpur | 0), (Goreswar | 102)",40,41,21,0,0
Karimganj,4023,"(Nilambazar | 368), (Badarpur | 654), (Karimganj | 2109), (RK Nagar | 892)",1855,1155,1013,0,0
Bajali,1280,(Sarupeta | 1280),455,515,255,55,0
Barpeta,1694,"(Barpeta | 1694), (Baghbar | 0), (Kalgachia | 0)",442,510,740,2,0
Cachar,127107,"(Katigorah | 65295), (Silchar | 43365), (Udharbond | 0), (Sonai | 16897), (Lakhipur | 1550)",48330,44754,34023,0,0
Chirang,580,(Bijni | 580),206,235,136,3,0
Morigaon,5520,"(Mikirbheta | 928), (Mayong | 0), (Laharighat | 0), (Morigaon | 573), (Bhuragaon | 4019)",2012,1993,1459,56,0
Dima-Hasao,1396,(Haflong | 1396),494,550,299,52,1
Dibrugarh,215,"(Moran | 0), (Tengakhat | 0), (Chabua | 0), (Dibrugarh West | 0), (Naharkatia | 0), (Tingkhong | 0), (Dibrugarh East | 215)",106,88,21,0,0
Hailakandi,1075,"(Lala | 0), (Katlicherra | 0), (Algapur | 1075)",380,365,330,0,0
Hojai,548,"(Lanka | 0), (Hojai | 548)",302,198,45,3,0
Kamrup,162,"(North Ghy | 100), (Kayan | 38), (Hajo | 24)",63,73,26,0,0
Cachar,123970,"(Udharbond | 0), (Sonai | 13766), (Lakhipur | 1550), (Silchar | 43359), (Katigorah | 65295)",43508,42379,38083,0,0
Chirang,513,"(Bengtal | 0), (Bijni | 513)",173,208,130,2,0
Dibrugarh,190,"(Moran | 0), (Chabua | 0), (Tingkhong | 0), (Naharkatia | 0), (Dibrugarh West | 0), (Dibrugarh East | 190)",104,68,18,0,0
Bajali,1280,(Sarupeta | 1280),455,515,255,55,0
Hailakandi,1075,"(Hailakandi | 0), (Lala | 0), (Katlicherra | 0), (Algapur | 1075)",380,365,330,0,0
Kamrup,138,"(Kayan | 38), (North Ghy | 100)",54,61,23,0,0
Karimganj,3307,"(Nilambazar | 368), (Badarpur | 654), (Patherkandi | 0), (Karimganj | 1567), (RK Nagar | 718)",1562,955,790,0,0
Morigaon,5518,"(Mikirbheta | 1620), (Morigaon | 573), (Mayong | 0), (Bhuragaon | 3325)",2026,1970,1493,29,0
Nagaon,10527,"(Samaguri | 0), (Nagaon | 3956), (Raha | 1591), (Kampur | 4980)",4187,3514,2719,101,6
Barpeta,95,"(Barpeta | 95), (Kalgachia | 0)",25,50,20,0,0
Dima-Hasao,1407,(Haflong | 1407),500,548,308,50,1
Tamulpur,102,(Goreswar | 102),40,41,21,0,0
Bajali,475,(Sarupeta | 475),205,190,45,35,0
Cachar,121472,"(Silchar | 41197), (Katigorah | 65295), (Sonai | 13430), (Lakhipur | 1550), (Udharbond | 0)",42163,41580,37729,0,0
Chirang,153,(Bijni | 153),65,55,33,0,0
Dibrugarh,143,"(Moran | 0), (Chabua | 0), (Naharkatia | 0), (Dibrugarh East | 143), (Dibrugarh West | 0)",91,34,18,0,0
Dima-Hasao,1405,(Haflong | 1405),500,548,306,50,1
Tamulpur,102,"(Tamulpur | 0), (Goreswar | 102)",40,41,21,0,0
Nagaon,6545,"(Samaguri | 0), (Kampur | 2159), (Nagaon | 2796), (Raha | 1590)",2654,2136,1674,76,5
Morigaon,1398,"(Mikirbheta | 0), (Mayong | 0), (Morigaon | 930), (Bhuragaon | 468)",574,599,223,2,0
Karimganj,2483,"(Nilambazar | 368), (RK Nagar | 523), (Badarpur | 512), (Karimganj | 1080)",1122,756,605,0,0
Kamrup,95,"(North Ghy | 57), (Kayan | 38)",32,42,21,0,0
Hailakandi,895,"(Algapur | 895), (Lala | 0), (Katlicherra | 0), (Hailakandi | 0)",370,280,245,0,0
Hailakandi,671,"(Algapur | 671), (Lala | 0), (Katlicherra | 0), (Hailakandi | 0)",260,225,185,1,0
Kamrup,95,"(Kamalpur | 0), (Kayan | 38), (North Ghy | 57)",32,42,21,0,0
Tamulpur,102,(Goreswar | 102),40,41,21,0,0
Chirang,153,(Bijni | 153),65,55,33,0,0
Bajali,475,(Sarupeta | 475),205,190,45,35,0
Nagaon,2806,"(Nagaon | 0), (Kampur | 1216), (Raha | 1590)",1169,962,599,73,3
Dima-Hasao,1374,(Haflong | 1374),492,537,299,45,1
Karimganj,2344,"(RK Nagar | 523), (Karimganj | 941), (Nilambazar | 368), (Badarpur | 512)",1030,728,586,0,0
Morigaon,573,"(Mikirbheta | 0), (Mayong | 0), (Bhuragaon | 0), (Morigaon | 573)",207,248,116,2,0
Cachar,82971,"(Lakhipur | 1550), (Silchar | 41197), (Sonai | 8982), (Katigorah | 31242)",30269,26674,26028,0,0
Dibrugarh,30,"(Naharkatia | 0), (Moran | 0), (Dibrugarh West | 0), (Dibrugarh East | 30)",15,10,5,0,0
Tamulpur,56,(Goreswar | 56),18,25,13,0,0
Morigaon,573,"(Mikirbheta | 0), (Mayong | 0), (Bhuragaon | 0), (Morigaon | 573)",207,248,116,2,0
Karimganj,1444,"(Nilambazar | 343), (Karimganj | 732), (Badarpur | 369), (Patherkandi | 0)",617,422,405,0,0
Nagaon,1591,"(Nagaon | 0), (Raha | 1591)",680,564,284,62,1
Hailakandi,353,"(Lala | 0), (Hailakandi | 0), (Katlicherra | 0), (Algapur | 353)",125,130,98,0,0
Dima-Hasao,1374,(Haflong | 1374),492,537,299,45,1
Bajali,355,(Sarupeta | 355),155,140,35,25,0
Chirang,153,(Bijni | 153),65,55,33,0,0
Cachar,69223,"(Sonai | 302), (Silchar | 37197), (Lakhipur | 482), (Katigorah | 31242)",25697,23353,20173,0,0
Kamrup,63,"(Kayan | 38), (North Ghy | 25)",25,23,15,0,0
Tamulpur,56,(Goreswar | 56),18,25,13,0,0
Morigaon,573,"(Mikirbheta | 0), (Mayong | 0), (Morigaon | 573), (Bhuragaon | 0)",207,248,116,2,0
Karimganj,1176,"(Nilambazar | 288), (Karimganj | 519), (Badarpur | 369)",503,359,314,0,0
Hailakandi,353,"(Lala | 0), (Katlicherra | 0), (Hailakandi | 0), (Algapur | 353)",135,120,98,0,0
Dima-Hasao,1366,(Haflong | 1366),489,535,296,45,1
Chirang,153,(Bijni | 153),65,55,33,0,0
Cachar,46201,"(Silchar | 41197), (Sonai | 0), (Lakhipur | 433), (Katigorah | 4571)",17163,15662,13376,0,0
Kamrup,38,"(North Ghy | 0), (Kayan | 38)",19,15,4,0,0
Bajali,251,"(Bajali | 0), (Sarupeta | 251)",114,90,44,3,0
Morigaon,815,"(Morigaon | 815), (Mayong | 0), (Mikirbheta | 0), (Bhuragaon | 0)",297,344,172,2,0
Tamulpur,56,(Goreswar | 56),18,25,13,0,0
Kamrup,38,(Kayan | 38),19,15,4,0,0
Chirang,153,(Bijni | 153),65,55,33,0,0
Cachar,36072,"(Silchar | 32197), (Sonai | 0), (Lakhipur | 433), (Katigorah | 3442)",12623,12292,11157,0,0
Dima-Hasao,1366,(Haflong | 1366),489,535,296,45,1
Bajali,251,(Sarupeta | 251),114,90,44,3,0
Tamulpur,56,(Goreswar | 56),18,25,13,0,0
Morigaon,815,"(Mayong | 0), (Morigaon | 815), (Mikirbheta | 0)",297,344,172,2,0
Kamrup,38,(Kayan | 38),19,15,4,0,0
Chirang,153,(Bijni | 153),65,55,33,0,0
Cachar,18347,"(Udharbond | 0), (Silchar | 15443), (Katigorah | 2844), (Sonai | 0), (Lakhipur | 60)",7200,6174,4973,0,0
Dima-Hasao,1304,(Haflong | 1304),465,515,276,47,1
Bajali,251,(Sarupeta | 251),114,90,44,3,0
Cachar,17075,"(Silchar | 15443), (Lakhipur | 60), (Katigorah | 1572)",6777,5748,4550,0,0
Chirang,153,(Bijni | 153),65,55,33,0,0
Dima-Hasao,1138,(Haflong | 1138),409,464,236,28,1
Morigaon,815,"(Mikirbheta | 0), (Morigaon | 815)",297,344,172,2,0
Tamulpur,56,(Goreswar | 56),18,25,13,0,0
Cachar,15117,"(Katigorah | 1572), (Lakhipur | 60), (Silchar | 13485)",6714,5670,2733,0,0
Chirang,153,(Bijni | 153),65,55,33,0,0
Dima-Hasao,1104,(Haflong | 1104),395,446,234,28,1
Morigaon,640,(Morigaon | 640),230,271,139,0,0
Morigaon,738,"(Bhuragaon | 0), (Morigaon | 738), (Mikirbheta | 0)",268,312,148,10,0
Chirang,153,(Bijni | 153),65,55,33,0,0
Dima-Hasao,1063,(Haflong | 1063),388,429,239,6,1
Cachar,8346,(Silchar | 8346),3432,3006,1908,0,0
Morigaon ,738,(Morigaon | 738) ,268,312,148,10,0
Dima-Hasao,1070,(Haflong | 1070),383,425,234,27,1
Chirang,153,(Bijni | 153),65,55,33,0,0
Cachar,8346,"(Silchar | 8346), (Katigorah | 0)",3432,3006,1908,0,0
Cachar,5246,"(Silchar | 5246), (Katigorah | 0)",2432,1606,1208,0,0
Dima-Hasao,327,(Haflong | 327),117,112,90,7,1
Morigaon,706,(Morigaon | 706),256,300,140,10,0
Dima-Hasao,291,(Haflong | 291),103,89,90,8,1
Cachar,2748,"(Silchar | 2748), (Katigorah | 0)",1032,998,718,0,0
Morigaon,676,(Morigaon | 676),248,290,130,8,0
Cachar,1022,"(Silchar | 1022), (Katigorah | 0)",451,366,205,0,0
Morigaon,676,(Morigaon | 676),248,290,130,8,0
Dima-Hasao,121,(Haflong | 121),43,38,39,1,0
Cachar,788,"(Katigorah | 0), (Silchar | 788)",390,240,158,0,0
Dima-Hasao,121,(Haflong | 121),43,38,39,1,0
Morigaon,626,(Morigaon | 626),238,275,108,5,0
Cachar,647,"(Silchar | 647), (Katigorah | 0)",289,220,138,0,0
Morigaon,606,"(Mikirbheta | 0), (Morigaon | 606)",228,270,103,5,0
Cachar,488,"(Silchar | 488), (Katigorah | 0)",211,188,89,0,0
Morigaon,596,(Morigaon | 596),225,265,101,5,0
Cachar,86,"(Silchar | 86), (Katigorah | 0)",35,33,18,0,0
Morigaon,570,(Morigaon | 570),215,255,95,5,0
Morigaon,542,(Morigaon | 542),210,245,85,2,0
Morigaon,537,(Morigaon | 537),210,240,85,2,0
Morigaon,278,(Morigaon | 278),117,97,64,0,0
Morigaon,143,(Morigaon | 143),60,38,45,0,0
Morigaon,118,(Morigaon | 118),50,35,33,0,0
Charaideo,74,"(Sapekhati | 0), (Sonari | 74)",52,19,3,0,0
Charaideo,75,(Sonari | 75),40,32,3,0,0
Morigaon,115,"(Mayong | 0), (Morigaon | 115)",50,35,30,0,0
Morigaon,76,(Morigaon | 76),27,28,21,0,0
Morigaon,76,(Morigaon | 76),27,28,21,0,0
Dhemaji,344,"(Gogamukh | 0), (Dhemaji | 344)",77,112,137,18,0
Lakhimpur,366,(Subansiri | 366),88,139,120,17,2
Dhemaji,447,"(Sissiborgaon | 0), (Dhemaji | 355), (Gogamukh | 92)",117,165,128,37,0
Chirang,241,"(Sidli | 0), (Bengtal | 0), (Bijni | 241)",94,89,58,0,0
Dhemaji,327,"(Gogamukh | 0), (Dhemaji | 327)",99,115,88,25,0
Udalguri,1250,"(Khairabari | 902), (Harisinga | 348)",548,561,139,2,0
Lakhimpur,38,(Subansiri | 38),12,13,13,0,0
Chirang,241,"(Bengtal | 0), (Bijni | 241)",94,89,58,0,0
Udalguri,1112,"(Udalguri | 0), (Khairabari | 764), (Harisinga | 348)",481,518,113,0,0
Dhemaji,176,"(Gogamukh | 0), (Dhemaji | 176)",65,72,30,9,0
Chirang,223,(Bijni | 223),92,81,50,0,0
Chirang,223,(Bijni | 223),92,81,50,0,0
Udalguri,1076,"(Khairabari | 727), (Harisinga | 349)",480,490,106,0,0
Udalguri,234,"(Khairabari | 96), (Harisinga | 138)",103,92,39,0,0
Udalguri,138,"(Khairabari | 0), (Harisinga | 138)",52,57,29,0,0
Udalguri,42,"(Harisinga | 42), (Khairabari | 0)",12,14,16,0,0
Udalguri,42,"(Khairabari | 0), (Harisinga | 42)",12,14,16,0,0
Udalguri,42,"(Khairabari | 0), (Harisinga | 42)",12,14,16,0,0
